tree_id,lon,lat,x,y
1,-73.12174518689595,7.143024612104038,1105579.5132082938,1281752.7804811907
2,-73.12104894772537,7.142881616345304,1105656.463931839,1281737.1238438035
3,-73.12145256039189,7.142850829587335,1105611.8813697852,1281733.6260843873
4,-73.12139236399572,7.142797999051946,1105618.543770092,1281727.79648536
5,-73.12205756268243,7.142642263915656,1105545.090806708,1281710.4187282603
6,-73.12124331448247,7.142697800114748,1105635.0332108517,1281716.748007204
7,-73.12081130815162,7.142607555549782,1105682.7804130516,1281706.8654488532
8,-73.12146899338,7.142681703221326,1105610.1047297032,1281714.9158475099
9,-73.12134185162269,7.142679933822562,1105624.1512903504,1281714.7492875375
10,-73.12175942270132,7.142219498143389,1105578.12520823,1281663.7264160528
11,-73.12149281130017,7.142586380236139,1105607.495289583,1281704.3670492703
12,-73.12166923514744,7.14257269095514,1105588.0077686852,1281702.8124895296
13,-73.12224782419607,7.1424990974378035,1105524.1042457412,1281694.5400109102
14,-73.12268222536618,7.142404122436332,1105476.134963531,1281683.93569268
15,-73.11773740162054,7.142031446614493,1106022.5073087031,1281643.85025937
16,-73.12258743631308,7.142311063653758,1105486.6282440145,1281673.664494394
17,-73.11839877688519,7.1422632213882835,1105949.3874653343,1281669.3339351169
18,-73.12134360654632,7.142319028432552,1105624.0402503454,1281674.8304141995
19,-73.12055517475838,7.142285268181439,1105711.1511343585,1281671.2771347926
20,-73.11876474377421,7.142210272454956,1105908.9689034722,1281663.3932961083
21,-73.11862298862349,7.142227546408815,1105924.6255441937,1281665.336495784
22,-73.11889693900652,7.142198500144209,1105894.3671427995,1281662.0608163308
23,-73.1190472792793,7.142161165564906,1105877.7666620347,1281657.8968170257
24,-73.11784110140053,7.142188775574549,1106011.0146681736,1281661.2280164696
25,-73.1192890770047,7.142127032662849,1105851.0615408043,1281654.065937665
26,-73.11915383932457,7.142151849714154,1105865.9964214924,1281656.8419372018
27,-73.11948156126793,7.1421234167514305,1105829.7973798248,1281653.6217777391
28,-73.11974548257619,7.142083807991185,1105800.6493784818,1281649.1801784805
29,-73.1202777749704,7.142039736401705,1105741.853695773,1281644.1833793144
30,-73.11914594697606,7.142080555084087,1105866.8847415333,1281648.9580985175
31,-73.12252007863718,7.142076508956664,1105494.1234443597,1281647.7366587212
32,-73.11905498265934,7.142081871986517,1105876.9338619963,1281649.1246584896
33,-73.11939771202276,7.142086599578937,1105839.0692202519,1281649.5688184155
34,-73.12236183941953,7.142045561814091,1105511.6122451655,1281644.3499392865
35,-73.11923707537571,7.142000430876558,1105856.8356210703,1281640.0749
36,-73.12165939045336,7.141989393322026,1105589.2292087416,1281638.2982602965
37,-73.11997424115953,7.1420365966998585,1105775.387777318,1281643.9057793606
38,-73.11869277422407,7.14201937833272,1105916.9637838406,1281642.2956996292
39,-73.12208148932024,7.142010346067235,1105542.5924065928,1281640.5190599258
40,-73.12198701857356,7.142006134731319,1105553.0301670737,1281640.0749
41,-73.11952353604525,7.1419970101343395,1105825.1892196124,1281639.630740074
42,-73.12044425617124,7.141973823139233,1105723.4765749264,1281636.8547405375
43,-73.11861240944862,7.141998630968284,1105925.8469842498,1281640.0193800093
44,-73.1215289385167,7.14188772715252,1105603.6644094065,1281627.083222168
45,-73.11851847170905,7.141979863214054,1105936.2292247282,1281637.965140352
46,-73.11940803466038,7.141956111563219,1105837.9588202008,1281635.1336208247
47,-73.11869796387435,7.141940581502532,1105916.408583815,1281633.579061084
48,-73.11844620524316,7.141931524894795,1105944.2241050964,1281632.6352212415
49,-73.12271739211226,7.141925325471318,1105472.3596033573,1281630.9696215196
50,-73.1182432220095,7.141909016671013,1105966.6541861298,1281630.1923416492
51,-73.11882373150543,7.141878097949096,1105902.5285831755,1281626.6390622423
52,-73.11928664171401,7.141848440125558,1105851.3946608198,1281623.2523428074
53,-73.11939768804677,7.141856702106615,1105839.1247402544,1281624.1406626592
54,-73.11900574053938,7.141836813501498,1105882.4303422496,1281622.0309030113
55,-73.11874028976736,7.141886959816732,1105911.7449036,1281627.6384220754
56,-73.1183689091328,7.141885183946666,1105952.7741854903,1281627.527382094
57,-73.12109979896648,7.141869269122018,1105651.078491591,1281625.1400224925
58,-73.12103042021862,7.141882176240861,1105658.740251944,1281626.5835422515
59,-73.12266724974502,7.141871010024845,1105477.911603613,1281624.9734625202
60,-73.12045155591478,7.141846842506501,1105722.6992948905,1281622.8081828817
61,-73.12130088179464,7.14183906639581,1105628.8704905678,1281621.7533030577
62,-73.12098831050102,7.141831892969051,1105663.4039321588,1281621.031543178
63,-73.11841683629504,7.141796436788659,1105947.4997852475,1281617.7003437341
64,-73.1188956846901,7.141835580916837,1105894.5892228098,1281621.9198630298
65,-73.11874452658999,7.141783063036768,1105911.3007435796,1281616.1457839934
66,-73.1191068195182,7.141804898091248,1105871.2708217355,1281618.4776236042
67,-73.11938780532125,7.141775866112639,1105840.2351403057,1281615.201944151
68,-73.1199725492162,7.141642053003222,1105775.6653773307,1281600.2670666436
69,-73.12148996496933,7.1417792230880615,1105607.994969606,1281615.0909041695
70,-73.12025738097842,7.141696855704195,1105744.1855358805,1281606.2632256427
71,-73.12048340221294,7.141757559761583,1105719.2015347295,1281612.925624531
72,-73.11884051213421,7.141783764459267,1105900.6964230912,1281616.2013039843
73,-73.11824221024179,7.141671085870253,1105966.8207461375,1281603.8758660413
74,-73.12179808109553,7.141753759556104,1105573.961208038,1281612.2038646513
75,-73.12166842162884,7.141754494863991,1105588.285368698,1281612.3149046327
76,-73.11863664094693,7.1417050351240094,1105923.2375441296,1281607.5401854296
77,-73.12219308072237,7.14175608351999,1105530.3224860276,1281612.3704246236
78,-73.12158501221717,7.1417477965711065,1105597.5016891225,1281611.5931447532
79,-73.12071878867656,7.141664683491159,1105693.2181735323,1281602.5989062544
80,-73.12258285333385,7.14161332991641,1105487.2944840451,1281596.4917072735
81,-73.12112521528095,7.141730278977652,1105648.302491463,1281609.760985059
82,-73.12142268610084,7.141748966083676,1105615.4346499487,1281611.7597047254
83,-73.11892756368196,7.141730737646057,1105891.0914626487,1281610.3161849664
84,-73.12059004775246,7.1417070830517915,1105707.4312941872,1281607.3181054667
85,-73.11878082607303,7.141727420983083,1105907.3033033954,1281609.983065022
86,-73.12104688665642,7.141696987258396,1105656.9636118622,1281606.0966656706
87,-73.12038700802053,7.141711681471083,1105729.8613752206,1281607.873305374
88,-73.119013704192,7.141632532575876,1105881.5975422112,1281599.4342667824
89,-73.12164773667337,7.141309213693673,1105590.672728808,1281563.0686728514
90,-73.11939760554289,7.14165491423944,1105839.180260257,1281601.821626384
91,-73.11884525670514,7.141677358933068,1105900.196743068,1281604.4310659484
92,-73.12116106513866,7.141649035821672,1105644.3605712815,1281600.76674656
93,-73.1232542980659,7.141595142736587,1105413.1197606279,1281594.3264276348
94,-73.11759017170715,7.141300287717756,1106038.9412294603,1281563.0131528608
95,-73.11722862363123,7.141644381294876,1106078.8045912967,1281601.1553864952
96,-73.12089875189255,7.14164046064844,1105673.3420126166,1281599.8784267083
97,-73.11738943141206,7.141648229687037,1106061.0381904782,1281601.5440264305
98,-73.12042934519398,7.141652538069084,1105725.1976950057,1281601.3219464675
99,-73.12102751155574,7.141589025759982,1105659.1288919619,1281594.1598676627
100,-73.12155657131775,7.141649353529614,1105600.6663292684,1281600.7112265693
101,-73.12051934193371,7.141633148331086,1105715.259614548,1281599.1566668288
102,-73.12078120371667,7.141617126759974,1105686.3336932152,1281597.3245071345
103,-73.12174605375172,7.141639204947395,1105579.735288304,1281599.5453067638
104,-73.12297788624429,7.141599590543132,1105443.6557620347,1281594.8816275422
105,-73.11935459125708,7.141556440859304,1105843.954980477,1281590.9397082
106,-73.11732132059186,7.141535147131028,1106068.588910826,1281589.0520285151
107,-73.12050389236897,7.141570873293442,1105716.9807346272,1281592.2721879778
108,-73.1204023375849,7.141348294529534,1105728.2512951463,1281567.6768320824
109,-73.1202336063245,7.1415296538395685,1105746.8504960032,1281587.7750687283
110,-73.11965262069614,7.141548024431201,1105811.0316189602,1281589.940348367
111,-73.12157694427755,7.141518886205556,1105598.4455291661,1281586.2760289784
112,-73.1191380445353,7.1415313950795,1105867.8841015794,1281588.2192286542
113,-73.11707060929851,7.1415060136199155,1106096.2933921025,1281585.8873890433
114,-73.12299366405085,7.141503748833701,1105441.9346419554,1281584.277309312
115,-73.12001759547319,7.141488546874817,1105770.724097103,1281583.2779494787
116,-73.12010403050337,7.141490232125213,1105761.174656663,1281583.444509451
117,-73.11988542027503,7.141490782348413,1105785.325857776,1281583.5555494325
118,-73.11972409628618,7.141493459232888,1105803.147778597,1281583.888669377
119,-73.11737669710237,7.141489082133217,1106062.4817105448,1281583.9441893676
120,-73.1197969719281,7.141490598756428,1105795.097378226,1281583.5555494325
121,-73.12236353257596,7.14147182519319,1105511.556725163,1281580.8905898773
122,-73.12047942930533,7.141493018811212,1105719.7012147524,1281583.666589414
123,-73.11961420449694,7.141413419532464,1105815.3066591572,1281575.0609908502
124,-73.1192957473625,7.141095519887208,1105850.5618607814,1281539.972356706
125,-73.11701191813563,7.1414546916094395,1106102.7892324019,1281580.2243499884
126,-73.11911717374974,7.141417908899283,1105870.2159416869,1281575.6717107482
127,-73.11685450600328,7.141268639016716,1106120.222513205,1281559.6819534167
128,-73.12283271680506,7.141324718088677,1105459.7565627766,1281564.5121926107
129,-73.11864328742136,7.141409394887299,1105922.571304099,1281574.8389108873
130,-73.12330136906448,7.141434110931044,1105407.95640039,1281576.5045106092
131,-73.12049564023799,7.14143080944642,1105717.9245746706,1281576.7821105628
132,-73.12242594848847,7.141423766255292,1105504.672244846,1281575.5606707667
133,-73.11990834061987,7.141102313248953,1105782.8829776633,1281540.5830766042
134,-73.1180040998123,7.141382968077002,1105993.1927473526,1281572.0629113505
135,-73.11971676906215,7.141392048203956,1105803.9805786354,1281572.6736312485
136,-73.12009378396496,7.141342634754818,1105762.340576717,1281567.121632175
137,-73.11913153366406,7.141037955450621,1105868.7169016178,1281533.6430777623
138,-73.11968072039957,7.141327220593364,1105807.9780188196,1281565.5115524437
139,-73.12056406582259,7.1409094153273,1105710.4848943278,1281519.09684019
140,-73.1213154975316,7.141335129129934,1105627.3714504987,1281566.0112323605
141,-73.12307797257414,7.141319201978412,1105432.6628015283,1281563.8459527218
142,-73.12061750403383,7.141312097776636,1105704.4887340516,1281563.6238727588
143,-73.11937776175564,7.1412894465529675,1105841.4565803618,1281561.4030731295
144,-73.12248418722093,7.141209047976316,1105498.2874445517,1281551.7981147324
145,-73.1221977903664,7.14118185120587,1105529.9338460097,1281548.8555552235
146,-73.11796668682443,7.141008428669469,1105997.4122675469,1281530.6449982626
147,-73.11692352355591,7.141187967298589,1106112.6162728546,1281550.7432349084
148,-73.12212998084328,7.141165146126343,1105537.429046355,1281547.0233955292
149,-73.12332805303615,7.14116812731083,1105405.0693602571,1281547.07891552
150,-73.1207148149447,7.14115869993535,1105693.773373558,1281546.6347555942
151,-73.11950419882606,7.141146650651851,1105827.5210597198,1281545.5798757703
152,-73.11732163686716,7.141142615730739,1106068.6444308287,1281545.6353957609
153,-73.11700001434347,7.141138432589109,1106104.1772324657,1281545.2467558258
154,-73.12053601459132,7.141107129239765,1105713.5384944687,1281540.9717165392
155,-73.12330865658296,7.141070204994974,1105407.2346403569,1281536.2525173267
156,-73.12250712304674,7.1408120451679595,1105495.8445644393,1281507.8818020616
157,-73.11702237148066,7.141021020697363,1106101.7343523533,1281532.255077994
158,-73.11663187611107,7.141028238993066,1106144.8733943407,1281533.1433978458
159,-73.11683538542908,7.14103920390184,1106122.3877933046,1281534.3093176512
160,-73.11789932988158,7.141015817976136,1106004.8519478897,1281531.4777981236
161,-73.12018906251161,7.140958331428946,1105751.902816236,1281524.5933192726
162,-73.12183326088257,7.141026994643524,1105570.2413678668,1281531.810918068
163,-73.12011310798391,7.140991805123469,1105760.2863366222,1281528.3131586518
164,-73.1164848395947,7.140927540954415,1106161.1407550902,1281522.0393996988
165,-73.12313367234854,7.140874580646869,1105426.6111212494,1281514.655240931
166,-73.11658382864621,7.140933770628122,1106150.203314586,1281522.7056395877
167,-73.11952577275372,7.140922319560202,1105825.1892196124,1281520.762439912
168,-73.12186437164806,7.140807702642617,1105566.8546477107,1281507.5486821171
169,-73.12010897342324,7.140805067587271,1105760.7860166454,1281507.6597220986
170,-73.11958083760267,7.140784395024524,1105819.1375393337,1281505.4944424601
171,-73.12109647160966,7.140810127270268,1105651.689211619,1281507.992842043
172,-73.11793191664081,7.140812592251562,1106001.2986677259,1281508.9922018764
173,-73.11628871922521,7.140747431102818,1106182.8490760901,1281502.163243016
174,-73.11930748673423,7.140767262788738,1105849.340420725,1281503.6622827658
175,-73.12290519968828,7.140784257187652,1105451.8727224134,1281504.7171625898
176,-73.1228318746564,7.140761517285111,1105459.9786427869,1281502.2187630066
177,-73.12308582016533,7.140685242751748,1105431.941041495,1281493.7242044243
178,-73.11765174799974,7.140691037345256,1106032.2788291532,1281495.6118841094
179,-73.12110138143774,7.140623910395724,1105651.1895315961,1281487.3949254807
180,-73.11793163591769,7.140706176305975,1106001.3541877286,1281497.2219638405
181,-73.12012180120944,7.14067809843323,1105759.3980165813,1281493.6131644428
182,-73.11970416622833,7.140686266982231,1105805.535138707,1281494.6125242761
183,-73.11952177318156,7.140670829556537,1105825.6888996353,1281492.9469245542
184,-73.12322353886395,7.1406754883931445,1105416.7285607941,1281492.6138046097
185,-73.12079785995661,7.140615249826508,1105684.723613141,1281486.5066056289
186,-73.11930975081312,7.140645291343603,1105849.1183407148,1281490.1709250174
187,-73.11857332389245,7.140014304454829,1105930.62170447,1281420.5488566365
188,-73.12191452704806,7.1406135480658275,1105561.3581674574,1281486.062445703
189,-73.12168936525656,7.140623120907176,1105586.2311286035,1281487.1728455178
190,-73.1176931776188,7.140585210130072,1106027.7261889435,1281483.8971660645
191,-73.12229652823575,7.140582715541924,1105519.1629655135,1281482.5646862867
192,-73.12065425161323,7.14055722669094,1105700.6023338726,1281480.1218066944
193,-73.12198749426864,7.140566514947127,1105553.3077670864,1281480.843566574
194,-73.12021645846218,7.140592459735162,1105748.9602561004,1281484.1192460274
195,-73.11972503463733,7.140317872015214,1105803.3143386047,1281453.8608510771
196,-73.12165228936075,7.1405688324478485,1105590.3396087927,1281481.1766865184
197,-73.1212748643085,7.1405740739708685,1105632.0351307136,1281481.8429264072
198,-73.12006225394498,7.140554994784747,1105766.0048968857,1281480.010766713
199,-73.11619637292986,7.1404480711500105,1106193.1202765633,1281469.0733285383
200,-73.12246342896876,7.140556457140773,1105500.7303246642,1281479.622126778
201,-73.11783249800251,7.140530284391943,1106012.347148235,1281477.7899670836
202,-73.12070730276838,7.140420803671958,1105694.772733604,1281465.0203692147
203,-73.12163246056636,7.140437277907466,1105592.560408895,1281466.630448946
204,-73.11760456816627,7.140421387102236,1106037.5532293962,1281465.797649085
205,-73.1218822137022,7.1404438187251,1105564.9669676237,1281467.296688835
206,-73.12186494029477,7.140291689125338,1105566.9101677132,1281450.4741316424
207,-73.1222643199434,7.1403622884791655,1105522.7717656798,1281458.1914103543
208,-73.12196116352771,7.140419888149346,1105556.250327222,1281464.6317292796
209,-73.1203676878788,7.140368899470083,1105732.304255333,1281459.3573301597
210,-73.1230207171129,7.14033273217584,1105439.21416183,1281454.749170929
211,-73.12116796896784,7.140261131528495,1105643.916411261,1281447.2539721797
212,-73.12068898606199,7.140287244423013,1105696.8269736986,1281450.2520516794
213,-73.117574080332,7.1403410102055105,1106040.9399495523,1281456.9144505674
214,-73.1225266600428,7.1401153652401055,1105493.845844347,1281430.8200549225
215,-73.12315386179569,7.140347564403455,1105424.5013611524,1281456.3592506603
216,-73.11806764419266,7.140311417178403,1105986.4193070405,1281453.5277311327
217,-73.1202256468135,7.140282267771788,1105748.016416057,1281449.8078917535
218,-73.12052016743516,7.140027381211758,1105715.5372145607,1281421.5482164698
219,-73.12085686675859,7.14027303566521,1105678.2832928442,1281448.641971948
220,-73.12046790120394,7.140269719319506,1105721.2557748242,1281448.3643719945
221,-73.11635562802701,7.140232560513027,1106175.575955755,1281445.1997325225
222,-73.12273842541629,7.140264885542613,1105470.4164032675,1281447.3094921706
223,-73.11750397303787,7.1402213980668945,1106048.7127499103,1281443.7006927729
224,-73.12291394842103,7.140200495841449,1105451.039922375,1281440.1474133658
225,-73.12023231560144,7.140217026859131,1105747.2946560238,1281442.590292958
226,-73.11758689517181,7.140220566652381,1106039.5519494885,1281443.5896527914
227,-73.11944741704087,7.140177750968584,1105834.016900019,1281438.426293653
228,-73.12313357580376,7.140193922685641,1105426.777681257,1281439.3701334954
229,-73.11931275562803,7.14016743217872,1105848.8962607046,1281437.3158938384
230,-73.11835032179705,7.14019354243622,1105955.217065603,1281440.4250133194
231,-73.12110537905545,7.140151072629983,1105650.8564115807,1281435.0950942088
232,-73.11743482585693,7.140123372164774,1106056.3745102633,1281432.8742945795
233,-73.11792539093759,7.140085741672863,1106002.186987767,1281428.5992552931
234,-73.12137480218203,7.140123521204736,1105621.0976902097,1281431.985974728
235,-73.12310512524684,7.140099997322564,1105429.942321403,1281428.9878952282
236,-73.11943516363873,7.140028643561853,1105835.404900083,1281421.9368564049
237,-73.11640066685916,7.140083070525939,1106170.6346755275,1281428.6547752838
238,-73.11767982300304,7.140000399850992,1106029.3362690178,1281419.216376859
239,-73.11763494261243,7.14007409450578,1106034.2775492454,1281427.3778154969
240,-73.11916477208288,7.140038623254533,1105865.2746614593,1281423.1027762103
241,-73.11735278629959,7.139941994206036,1106065.479790683,1281412.8315779245
242,-73.11751189640913,7.140036693562492,1106047.8799498721,1281423.2693361826
243,-73.11657525546144,7.139985050139361,1106151.36923464,1281417.7728570998
244,-73.1221776903495,7.139970078476436,1105532.4322461248,1281414.830297591
245,-73.11734105816406,7.140023287191792,1106066.7567507417,1281421.8258164234
246,-73.11927538856486,7.14001174715315,1105853.0602608966,1281420.1046967106
247,-73.11744307803316,7.140021993575511,1106055.4861902224,1281421.6592564513
248,-73.1180276535367,7.139967993880001,1105990.9164272477,1281415.5520574704
249,-73.11646217124493,7.139990336194532,1106163.8612352153,1281418.383576998
250,-73.11651102815381,7.139937732239024,1106158.4757949673,1281412.5539779707
251,-73.12095545775762,7.139987123020006,1105667.4568923456,1281416.9955772297
252,-73.12139271028964,7.1399699586221255,1105619.1544901202,1281414.996857563
253,-73.12122036621167,7.139955546637223,1105638.1978509976,1281413.4422978226
254,-73.12294067511814,7.139913931978681,1105448.1528822419,1281408.4454986565
255,-73.1196257170531,7.139744930056974,1105814.4183391163,1281390.5125416494
256,-73.1211490109433,7.139952387005858,1105646.0816913608,1281413.1091778781
257,-73.11929665532945,7.139934991514926,1105850.7284207891,1281411.6101381283
258,-73.11771617057087,7.139921667850337,1106025.3388288335,1281410.4997383137
259,-73.12237527220366,7.139931334595548,1105510.6128851196,1281410.4997383137
260,-73.11755353111687,7.139832482773335,1106043.3273096622,1281400.6726999537
261,-73.1189580054212,7.139902664762881,1105888.148902513,1281408.112378712
262,-73.11944095800834,7.139900655922841,1105834.794180055,1281407.7792587676
263,-73.12109282381864,7.139905086344877,1105652.2999316473,1281407.890298749
264,-73.1213356003996,7.139883001254431,1105625.4837704117,1281405.3918991662
265,-73.12015912501778,7.139888091490846,1105755.4560963998,1281406.2246990271
266,-73.12121647930086,7.139891287735653,1105638.642011018,1281406.3357390086
267,-73.11891495372419,7.139822261829502,1105892.923622733,1281399.2291801947
268,-73.11718615902194,7.139837239976546,1106083.912431532,1281401.2834198517
269,-73.12261363418656,7.139857035855216,1105484.296403907,1281402.2272596944
270,-73.1230698960829,7.139882073817779,1105433.8842415845,1281404.8922192494
271,-73.11944413309897,7.139823862712863,1105834.4610600397,1281399.2847001853
272,-73.12133924957416,7.139819761885773,1105625.095130394,1281398.3963803337
273,-73.12304444729851,7.1397946801422965,1105436.715761715,1281395.2317408617
274,-73.11929644843838,7.139792936555938,1105850.7839407916,1281395.8979807505
275,-73.12131425572373,7.139755459249492,1105627.8711305219,1281391.2898215195
276,-73.12122026820138,7.139760786053953,1105638.253371,1281391.9005414178
277,-73.11699443179792,7.1397193825171845,1106105.121072509,1281388.29174202
278,-73.12245203511057,7.1397502859393995,1105502.1738447307,1281390.4570216585
279,-73.12286561897164,7.139756663243603,1105456.4808826256,1281391.0677415566
280,-73.1222651088662,7.139739859851692,1105522.8272856823,1281389.346621844
281,-73.12014787855641,7.139737982241761,1105756.7330564586,1281389.6242217976
282,-73.11944230989019,7.139734008178933,1105834.68314005,1281389.346621844
283,-73.1213796283688,7.1397355163069784,1105620.6535301893,1281389.0690218902
284,-73.12276461868157,7.139750932738805,1105467.6404031399,1281390.4570216585
285,-73.1219670939685,7.139741752680117,1105555.750647199,1281389.6242217976
286,-73.12183591700627,7.139747504565502,1105570.2413678668,1281390.2904616864
287,-73.12160829085548,7.13973398216858,1105595.3919290253,1281388.8469419272
288,-73.12305412991134,7.1397299473276865,1105435.6608816665,1281388.069662057
289,-73.11753421653233,7.139695909687815,1106045.492589762,1281385.571262474
290,-73.12123348243753,7.139689535152387,1105636.8098509335,1281384.0167027335
291,-73.11929112833398,7.139693035574816,1105851.3946608198,1281384.8495025944
292,-73.12297183829496,7.139669039962657,1105444.7661620858,1281381.3517431782
293,-73.12189486385343,7.139675846376057,1105563.7455275673,1281382.3511030113
294,-73.12113000495316,7.139666732530128,1105648.2469714605,1281381.5183031503
295,-73.1194389821773,7.139642644642857,1105835.0717800676,1281379.2419835303
296,-73.1224461607486,7.139674979794031,1105502.8400847614,1281382.1290230483
297,-73.12225771440018,7.139670574080138,1105523.6600857207,1281381.6848631226
298,-73.1192843026826,7.139592127548513,1105852.1719408554,1281373.6899844569
299,-73.12089935424923,7.139657721160533,1105673.7306526345,1281380.5744633079
300,-73.11891436249742,7.139623484672583,1105893.0346627382,1281377.2432638637
301,-73.11707205410428,7.13960911305705,1106096.5709921152,1281376.0773440583
302,-73.11918146269782,7.139504573058122,1105863.55354138,1281364.0295060691
303,-73.1201486837916,7.139592415630045,1105756.677536456,1281373.5234244845
304,-73.12034828510768,7.139549159170633,1105734.6360954405,1281368.6931852908
305,-73.11753746205515,7.139585485410511,1106045.1594697468,1281373.3568645124
306,-73.11735206901206,7.1395630135237065,1106065.6463506906,1281370.9139849201
307,-73.11985725236751,7.139570226705454,1105788.8791379395,1281371.136064883
308,-73.11713849474269,7.139559055409606,1106089.2423517776,1281370.525344985
309,-73.12111019821202,7.139524636878206,1105650.4677715627,1281365.8061457726
310,-73.11892010264702,7.139521598833548,1105892.42394271,1281365.9727057447
311,-73.11978895214497,7.139547998749557,1105796.4298582876,1281368.6931852908
312,-73.11726383047728,7.139462438094304,1106075.4178711406,1281359.8099867732
313,-73.11999817488726,7.13946962523986,1105773.3335372233,1281359.9765467455
314,-73.11747607919065,7.1393790524834655,1106051.9884300614,1281350.5381483207
315,-73.11935953395714,7.139423123403656,1105843.8994604745,1281354.9797475794
316,-73.11960573093697,7.139447728537546,1105816.694659221,1281357.6447071347
317,-73.11978964994154,7.139454133762566,1105796.3743382848,1281358.3109470233
318,-73.11891634355347,7.1393961011698925,1105892.8681027305,1281352.0927080612
319,-73.11954952525194,7.139409462949126,1105822.9128995074,1281353.4251878387
320,-73.12042495477576,7.139413287118999,1105726.1970550518,1281353.6472678017
321,-73.11781939889467,7.139340613714177,1106014.0682683142,1281346.2075890433
322,-73.11859834757614,7.1393402250174995,1105928.0122643495,1281345.9855090803
323,-73.11851140312847,7.139342052195443,1105937.617224792,1281346.2075890433
324,-73.11820990549464,7.1393273707335405,1105970.9292263268,1281344.6530293028
325,-73.11843401121723,7.139341891371056,1105946.167305186,1281346.2075890433
326,-73.11976683774907,7.139307514234258,1105798.9282584025,1281342.099109729
327,-73.11845634171092,7.139237028270111,1105943.7244250735,1281334.6039109798
328,-73.1188804759303,7.139244434922876,1105896.8655429147,1281335.3256708595
329,-73.11872168326488,7.1392385835075585,1105914.409863723,1281334.7149509613
330,-73.11879907621048,7.139238242324157,1105905.859783329,1281334.6594309707
331,-73.11720318056676,7.138904635243826,1106082.2468314553,1281298.1272770674
332,-73.11738559112796,7.141561884720054,1106061.4823504987,1281591.994588024
333,-73.11724952547175,7.141501868404163,1106076.528271192,1281585.3877091266
334,-73.11733262478974,7.141416206337667,1106067.36747077,1281575.8937907112
335,-73.12272951283055,7.140200616228179,1105471.4157633136,1281440.2029333564
336,-73.12283902527982,7.140221423162688,1105459.3124027562,1281442.4792529766
337,-73.11917820816771,7.139619515015596,1105863.8866613952,1281376.7435839472
338,-73.1192769368775,7.139509288941541,1105853.0047408938,1281364.5291859857
339,-73.12225889889265,7.141763749201026,1105523.0493656925,1281613.2032244846
340,-73.11795796259769,7.140371926185975,1105998.522667598,1281460.2456500116
341,-73.11798934224137,7.140265576072146,1105995.0804274394,1281448.475411976
342,-73.12019963329904,7.1407083774919435,1105750.792416185,1281496.944363887
343,-73.12030693562048,7.140583612160011,1105738.9666556402,1281483.1198861941
344,-73.11731978148961,7.139381739078235,1106069.255150857,1281350.871268265
345,-73.1188361746055,7.142177291582247,1105901.085063109,1281659.7289767198
346,-73.12070259313168,7.141235976375352,1105695.1058536193,1281555.1848341671
347,-73.12068632208926,7.141085354741165,1105696.9380137038,1281538.528836947
348,-73.12063042353826,7.141140956337323,1105703.1007339878,1281544.6915559184
349,-73.12077096147125,7.141225576996996,1105687.5551332715,1281554.0189143617
350,-73.11730268565685,7.13986810196172,1106071.0317909387,1281404.6701392867
351,-73.11745695345381,7.139874948396371,1106053.9871501534,1281405.3918991662
352,-73.11726783100703,7.139953864456209,1106074.8626711152,1281414.164057702
353,-73.11738759487419,7.139878317811582,1106061.6489105064,1281405.7805391012
354,-73.11767974053105,7.141968079793935,1106028.8921089973,1281636.8547405375
355,-73.11771357775847,7.142129279093374,1106025.1167488233,1281654.676657563
356,-73.11781937341634,7.142004511344934,1106013.457548286,1281640.8521798702
357,-73.11762080741437,7.142032709913304,1106035.3879492965,1281644.016819342
358,-73.1178498938122,7.142069327572009,1106010.0708281302,1281648.014258675
359,-73.11776972377156,7.141955216057677,1106018.9540285394,1281635.4112207782
360,-73.12014148524005,7.140154093476061,1105757.3437764868,1281435.6502941162
361,-73.12030008417999,7.140253308530637,1105739.7994556783,1281446.5877322908
362,-73.12030736613033,7.140134861169046,1105739.0221756427,1281433.4850144777
363,-73.12016124157356,7.140320283085577,1105755.1229763844,1281454.0274110492
364,-73.12012717908304,7.140267004700665,1105758.8983365584,1281448.1422920316
365,-73.12078289010663,7.141289350607781,1105686.2226532102,1281561.069953185
366,-73.12063574077985,7.141242363210143,1105702.4900139596,1281555.9065940469
367,-73.11918110224319,7.1394363058231045,1105863.6090613825,1281356.4787873293
368,-73.11927561832891,7.139418431539097,1105853.1713009016,1281354.4800676627
369,-73.12310968849464,7.1408077703595705,1105429.2760813723,1281507.2710821636
370,-73.12192365591439,7.140331465546704,1105560.414327414,1281454.8602109104
371,-73.12019059224583,7.141672623063774,1105751.5696962208,1281603.5982660875
372,-73.1202580985758,7.1415934535221695,1105744.130015878,1281594.8261075516
373,-73.12028988999357,7.141772217090046,1105740.5767357142,1281614.591224253
374,-73.12032537419215,7.14162521655565,1105736.6903355352,1281598.3238669678
375,-73.12301853142584,7.141386843608349,1105439.21416183,1281571.3411514708
376,-73.12296082066601,7.141347069377132,1105445.5989621242,1281566.955072203
377,-73.12131369171608,7.141236741281179,1105627.593530509,1281555.1293141765
378,-73.12120138901425,7.141349449462387,1105639.9744910793,1281567.6213120916
379,-73.12139043549423,7.141307174684326,1105619.0989701175,1281562.9021128793
380,-73.11745731547609,7.139460330843061,1106054.0426701559,1281359.5323868196
381,-73.11753897263976,7.139343042247181,1106045.0484297415,1281346.5407089877
382,-73.11747271941785,7.139303249652478,1106052.3770700793,1281342.1546297197
383,-73.11740719496973,7.1393959757969,1106059.5946704117,1281352.4258280057
384,-73.11892774871549,7.141641891220838,1105891.0914626487,1281600.4891466063
385,-73.12040998152439,7.1400888937276585,1105727.6960951209,1281428.3771753302
386,-73.12060106063754,7.140035580316147,1105706.5984941488,1281422.4365363216
387,-73.12040810282554,7.140025642918661,1105727.918175131,1281421.3816564975
388,-73.12043691698797,7.139944385220053,1105724.7535349852,1281412.3874179986
389,-73.12054716614573,7.140094197833576,1105712.5391344225,1281428.9323752373
390,-73.1178637075052,7.1419518978498475,1106008.5717880612,1281635.0225808432
391,-73.1177944710644,7.141896538311804,1106016.233548414,1281628.9153818623
392,-73.12023317912119,7.141010124796148,1105747.017056011,1281530.3118783182
393,-73.12021441011284,7.140852470548489,1105749.1268161081,1281512.8786012277
394,-73.12082472566725,7.142680367522314,1105681.2813729825,1281714.9158475099
395,-73.12073257496066,7.142527078718834,1105691.497053453,1281697.9822503359
396,-73.12087713369634,7.142611707738535,1105675.5072927163,1281707.3096087791
397,-73.11757633003414,7.139985125801814,1106040.7733895446,1281417.5507771368
398,-73.11774054519894,7.140041686804435,1106022.6183487081,1281423.7690160992
399,-73.12082582780042,7.141183024193967,1105681.5034529928,1281549.2997151494
400,-73.12111975562352,7.1407298619789215,1105649.1352915014,1281499.1096435257
401,-73.12116131475575,7.140803234235455,1105644.527131289,1281507.2155621727
402,-73.12105697795013,7.140710155426437,1105656.0752918213,1281496.944363887
403,-73.11761717750116,7.139917446274527,1106036.2762693374,1281410.0555783878
404,-73.11754636360844,7.139895714724938,1106044.1045896981,1281407.6682187861
405,-73.11911511787687,7.140957105886691,1105870.549061702,1281524.704359254
406,-73.11922212166985,7.140975900632986,1105858.7233011574,1281526.7585989113
407,-73.11915543958638,7.141141910705468,1105866.051941495,1281545.1357158443
408,-73.12041243496752,7.141567671818263,1105727.0853750927,1281591.9390680334
409,-73.12039852333021,7.1414908431413355,1105728.6399351642,1281583.444509451
410,-73.12319354491147,7.141568413195814,1105419.8376809375,1281591.383868126
411,-73.12319320263325,7.14149111064958,1105419.89320094,1281582.8337895528
412,-73.12322955041084,7.141654322828695,1105415.8402407533,1281600.8777865416
413,-73.12325653199686,7.141487225957644,1105412.8976806176,1281582.389629627
414,-73.1218189386834,7.140421601447859,1105571.962487946,1281464.8538092426
415,-73.12086488356586,7.141251873647346,1105677.172892793,1281556.90595388
416,-73.12086321109543,7.141331179806146,1105677.3394528008,1281565.678112416
417,-73.12072502099636,7.141325873660677,1105692.6074535043,1281565.1229125087
418,-73.1207852703433,7.141353104418949,1105685.9450531972,1281568.1209920084
419,-73.12038661812713,7.140207307739599,1105730.2500152385,1281441.4798931433
420,-73.12037536904742,7.140300146935731,1105731.4714552946,1281451.7510914293
421,-73.1195897039888,7.141353635486814,1105818.0271392826,1281568.4541119528
422,-73.11794676597816,7.140921548290668,1105999.6330676493,1281521.0400398655
423,-73.12311302066101,7.141624466145546,1105428.7208813466,1281597.6021070883
424,-73.12317670792626,7.141690354645167,1105421.6698410218,1281604.8752258744
425,-73.12239291203565,7.140633613006871,1105508.5031250224,1281488.1722053508
426,-73.1224898713004,7.140649374451942,1105497.7877645288,1281489.8933250636
427,-73.1206425485549,7.141593749067901,1105701.6572139212,1281594.7705875607
428,-73.1186462755992,7.139974801254148,1105922.571304099,1281416.1627773687
429,-73.11852218029806,7.139958480685971,1105936.2847447307,1281414.386137665
430,-73.12177985539441,7.141092138798107,1105576.1264881378,1281539.0285168635
431,-73.12181681125996,7.140962207757311,1105572.073527951,1281524.6488392635
432,-73.12192052695326,7.141112508553752,1105560.5808874217,1281541.2493164928
433,-73.12184562864532,7.141121388703621,1105568.8533678027,1281542.2486763261
434,-73.11870536572202,7.142247294040212,1105915.520263774,1281667.5017754226
435,-73.11852044685862,7.142237874404878,1105935.9516247155,1281666.5024155895
436,-73.1211751901031,7.14065568683679,1105643.02809122,1281490.892684897
437,-73.12116421339772,7.140375570562467,1105644.3050512788,1281459.9125300671
438,-73.12161100501972,7.14181511303475,1105594.6146489896,1281619.0328235116
439,-73.11845481200704,7.139971391624637,1105943.7244250735,1281415.8296574242
440,-73.1223955029414,7.141564753954812,1105508.0034449992,1281591.161788163
441,-73.11690226706015,7.1410187628270805,1106115.0036329646,1281532.032998031
442,-73.11691419619206,7.141082034509415,1106113.671152903,1281539.0285168635
443,-73.12258378044115,7.14213537012566,1105487.072404035,1281654.2324976372
444,-73.12264223228117,7.142060197128715,1105480.6320837382,1281645.904499027
445,-73.12052252676129,7.141309892949014,1105714.982014535,1281563.4017927959
446,-73.12037727787157,7.139865453866139,1105731.3604152896,1281403.6707794534
447,-73.12036247341827,7.139976356236174,1105732.9704953637,1281415.9406974057
448,-73.11749896211002,7.139973419794508,1106049.3234699385,1281416.27381735
449,-73.11990183977788,7.142053011084245,1105783.3826576862,1281645.7379390548
450,-73.1179956646762,7.14012554258108,1105994.4141874088,1281432.985334561
451,-73.11791259293395,7.140198153935012,1106003.5749878308,1281441.0357332176
452,-73.11783338629643,7.142273590631526,1106011.847468212,1281670.6108949038
453,-73.11775264773891,7.142191101357906,1106020.7861886239,1281661.5056164234
454,-73.1214848712588,7.140118227695469,1105608.9388096496,1281431.3752548296
455,-73.12129892084052,7.140121858094314,1105629.481210596,1281431.8194147556
456,-73.12005390339158,7.140220672387375,1105767.0042569318,1281443.034452884
457,-73.1200602924267,7.140289956064263,1105766.2824968984,1281450.6962116053
458,-73.12183311647243,7.14158065600338,1105570.1303278615,1281593.049467848
459,-73.12178396996975,7.141530860179532,1105575.5712881123,1281587.5529887653
460,-73.12169641929941,7.141582380667081,1105585.2317685573,1281593.2715478109
461,-73.1218550878816,7.141648466087018,1105567.687447749,1281600.5446665972
462,-73.11785533478952,7.141870061080943,1106009.5156281046,1281625.9728223535
463,-73.12154617736562,7.14181447675062,1105601.7767293195,1281618.977303521
464,-73.12145859220887,7.141882561781634,1105611.4372097647,1281626.5280222609
465,-73.12177686191659,7.142533761088039,1105576.1264881378,1281698.4819302524
466,-73.12170255349155,7.142500477786216,1105584.3434485164,1281694.817610864
467,-73.12161706493963,7.142526904516784,1105593.7818489512,1281697.760170373
468,-73.12165742001211,7.142454203972767,1105589.3402487466,1281689.7097717165
469,-73.12275800960752,7.140756846812411,1105468.1400831628,1281501.71908309
470,-73.11680387764206,7.141206792633102,1106125.8300334632,1281552.8529945563
471,-73.11962384472353,7.139678667514284,1105814.6404191265,1281383.1839028725
472,-73.12136159741394,7.141158032881703,1105622.319130266,1281546.4126756312
473,-73.12139460392818,7.1412359050397365,1105618.654810097,1281555.018274195
474,-73.12122376493768,7.141222500033205,1105637.531610967,1281553.574754436
475,-73.12124675385154,7.141284288725195,1105634.9776908492,1281560.4037132962
476,-73.12127720179595,7.14114229722895,1105631.6464906957,1281544.6915559184
477,-73.11788713187363,7.140358225990921,1106006.3509879587,1281458.7466102617
478,-73.117907400071,7.140278456618167,1106004.1301878565,1281449.918931735
479,-73.11963581572344,7.1406881329355585,1105813.0858590547,1281494.834604239
480,-73.11977053578882,7.1406703420405035,1105798.2064983693,1281492.8358845727
481,-73.12095488230416,7.141231479896163,1105667.2348123353,1281554.62963426
482,-73.12092308204201,7.141298676562333,1105670.7325724964,1281562.0693130183
483,-73.11935610628642,7.140828602805596,1105843.954980477,1281510.4357216354
484,-73.11932632438669,7.14089178785156,1105847.2306606278,1281517.4312404678
485,-73.11929177404903,7.140831480968021,1105851.0615408043,1281510.7688415798
486,-73.11961793971327,7.139859862642688,1105815.2511391547,1281403.2266195274
487,-73.12056837648835,7.141253266609788,1105709.9296943024,1281557.128033843
488,-73.12079909615544,7.1417130381551885,1105684.3349731232,1281607.9288253647
489,-73.12163157812483,7.141588269848153,1105592.3938488872,1281593.9377876997
490,-73.12078252867316,7.1424303041154875,1105686.0005732,1281687.2668921242
491,-73.12064529638388,7.142447588072003,1105701.1575338983,1281689.2100917997
492,-73.11991922644538,7.141184155245078,1105781.661537607,1281549.632835094
493,-73.11997378554506,7.141047735481643,1105775.6653773307,1281534.5313976142
494,-73.12000730166176,7.141122095048337,1105771.9455371595,1281542.7483562427
495,-73.1198637100096,7.141056040342451,1105787.824257891,1281535.4752374566
496,-73.11985731996491,7.140987258624981,1105788.5460179243,1281527.868998726
497,-73.12167498590462,7.141497505061511,1105587.6191286673,1281583.888669377
498,-73.12043364960216,7.139823908132424,1105725.1421750032,1281399.0626202223
499,-73.12031281008733,7.139933586658027,1105738.466975617,1281411.2214981932
500,-73.11795495895622,7.1422949258072865,1105998.411627593,1281672.9427345146
501,-73.11776304214035,7.142267420780734,1106019.62026857,1281669.944655015
502,-73.11789209021646,7.142318889077382,1106005.3516279126,1281675.6076940699
503,-73.11781763460502,7.142356381132188,1106013.5685882913,1281679.771693375
504,-73.11966562653379,7.142060050101984,1105809.4770588886,1281646.5707389158
505,-73.11673513980593,7.141153441840232,1106133.4362738137,1281546.9678755386
506,-73.11767359449114,7.141300461273221,1106029.7249090357,1281563.0131528608
507,-73.11765433756028,7.141377220969684,1106031.8346691327,1281571.5077114431
508,-73.11750720017494,7.1413247110860105,1106048.1020298824,1281565.7336324067
509,-73.11764457551833,7.141238659921095,1106032.945069184,1281556.1841940004
510,-73.12030845733818,7.140818532407055,1105738.7445756297,1281509.1032418578
511,-73.12064073638228,7.141014985856682,1105701.9903339364,1281530.756038244
512,-73.11965954030113,7.139913156700904,1105810.6429789423,1281409.1117385454
513,-73.11752571286003,7.139435877122174,1106046.491949808,1281356.8119072737
514,-73.1172049353672,7.139508997750556,1106081.91371144,1281364.9733459116
515,-73.12168685547846,7.142073779466167,1105586.1756086007,1281647.6256187398
516,-73.1216109477454,7.142084665304136,1105594.5591289871,1281648.847058536
517,-73.11956687625484,7.14145598782392,1105820.5255393975,1281579.7801900625
518,-73.1203457224302,7.140056635030357,1105734.8026554482,1281424.823895923
519,-73.12114071426437,7.1412850728556645,1105646.692411389,1281560.5147532776
520,-73.11690812347022,7.141343040597132,1106114.2818729312,1281567.8989120454
521,-73.12189484476605,7.140169272856841,1105563.6344875623,1281436.9272539031
522,-73.12198861984913,7.140266345293345,1105553.252247084,1281447.642612115
523,-73.12185626467264,7.140355420055903,1105567.8540077568,1281457.5251704657
524,-73.12179961655578,7.140288040118525,1105574.1277680458,1281450.0854917073
525,-73.12192888350916,7.140234096164307,1105559.8591273883,1281444.089332708
526,-73.11781048064486,7.140002679431881,1106014.9010683526,1281419.438456822
527,-73.12037476257765,7.142041945470072,1105731.1383352794,1281644.4054592773
528,-73.12037143576703,7.141950079965448,1105731.5269752974,1281634.2453009728
529,-73.12027138069315,7.141972962512393,1105742.5754558062,1281636.7992205466
530,-73.12036605537116,7.142120735058271,1105732.0821753228,1281653.1220978226
531,-73.12055027561283,7.140532415045398,1105712.094974402,1281477.4013271485
532,-73.12057476057161,7.140599728414976,1105709.3744942767,1281484.841005907
533,-73.12057855698983,7.140465713065126,1105708.9858542588,1281470.0171683808
534,-73.11978792913379,7.140281359510097,1105796.3743382848,1281449.8078917535
535,-73.11975801262189,7.140409297096877,1105799.650018436,1281463.9654893908
536,-73.11965209234168,7.140352857774919,1105811.3647389754,1281457.7472504287
537,-73.11967355352422,7.140424180573697,1105808.9773788655,1281465.6310891127
538,-73.11982039727404,7.140376297247277,1105792.7655381185,1281460.3011700024
539,-73.12257801113877,7.141524974951636,1105487.8496840708,1281586.7201889043
540,-73.12264356375319,7.1416606398015015,1105480.5765637357,1281601.7105864026
541,-73.12246716106911,7.141664290351448,1105500.0640846335,1281602.1547463285
542,-73.12264036456207,7.141507033448144,1105480.9652037537,1281584.721469238
543,-73.12250245919984,7.1416066380320045,1105496.1776844545,1281595.769947394
544,-73.12116429373988,7.14009497524172,1105644.3605712815,1281428.8768552467
545,-73.12076591214827,7.140269835335747,1105688.3324133074,1281448.3088520037
546,-73.12071399027197,7.1403465275089655,1105694.0509735707,1281456.803410586
547,-73.12326227439252,7.141383834074468,1105412.2869605895,1281570.9525115357
548,-73.11915201697437,7.140854782806302,1105866.4961015154,1281513.3782811442
549,-73.11992603968338,7.141291086765139,1105780.8842575713,1281561.45859312
550,-73.1198658342705,7.141242773693617,1105787.5466578782,1281556.1286740098
551,-73.11960192488544,7.13958626146478,1105817.083299239,1281372.9682245774
552,-73.12310384052914,7.141689199991588,1105429.7202413927,1281604.764185893
553,-73.12016058412895,7.141361345871223,1105754.9564163766,1281569.1758718323
554,-73.12002038491197,7.141355533386095,1105770.4464970904,1281568.5651519343
555,-73.1194903333919,7.1415306208527145,1105828.9645797864,1281588.0526686818
556,-73.12184248825776,7.140213336894898,1105569.4085678284,1281441.8130130877
557,-73.12249304201575,7.141543371592826,1105497.232564503,1281588.7744285616
558,-73.12279013042694,7.141988722953928,1105464.3092029863,1281637.965140352
559,-73.12273023241013,7.142034277346394,1105470.9160832907,1281643.017459509
560,-73.12263332491463,7.141993418025798,1105481.6314437843,1281638.5203402594
561,-73.12240277659603,7.1416922668205185,1105507.170644961,1281605.2638658097
562,-73.12235917366547,7.141634953126778,1105512.0008851835,1281598.9345868658
563,-73.12045859509452,7.140636632501887,1105722.1996148676,1281488.9494852212
564,-73.12047483102913,7.140562376152954,1105720.4229747858,1281480.7325265924
565,-73.12056607119776,7.140669984743018,1105710.31833432,1281492.6138046097
566,-73.12205858588177,7.139970333850815,1105545.590486731,1281414.8858175818
567,-73.12225303060652,7.139990312835211,1105524.1042457412,1281417.0510972203
568,-73.12276490514384,7.141309017012287,1105467.251763122,1281562.7910728978
569,-73.12292526053044,7.141288768450853,1105449.540882306,1281560.5147532776
570,-73.11832092816582,7.139346675948699,1105958.6593057616,1281346.7627889507
571,-73.12001884769904,7.140403312930298,1105770.8351371083,1281463.2437295113
572,-73.11998945534515,7.140279267929619,1105774.1108172592,1281449.5302918
573,-73.11995413094746,7.140349468966366,1105777.9972174382,1281457.3030905027
574,-73.11723497452637,7.14173173540299,1106078.0828312635,1281610.815864883
575,-73.12283555239887,7.141895954363133,1105459.3124027562,1281627.6939420663
576,-73.12285347651404,7.141976807002527,1105457.313682664,1281636.6326605745
577,-73.12279700992192,7.142064031178876,1105463.5319229504,1281646.2931389622
578,-73.12028500151288,7.1407396760919175,1105741.35401575,1281500.3866033126
579,-73.1203849300274,7.140777530355282,1105730.305535241,1281504.5506026174
580,-73.12035643411168,7.140705691021971,1105733.4701753869,1281496.6112439425
581,-73.12032632670466,7.140925486870043,1105736.7458555377,1281520.928999884
582,-73.12157910575547,7.141929995722951,1105598.1124091507,1281631.74690139
583,-73.11770261076728,7.142327530156521,1106026.282668877,1281676.6070539032
584,-73.11766858929508,7.142254675289504,1106030.058029051,1281668.5566552465
585,-73.1176528060408,7.1418706436727035,1106031.8901891354,1281626.083862335
586,-73.11770953633976,7.141898369455321,1106025.6164288463,1281629.1374618253
587,-73.11758930080327,7.141958856358263,1106038.8857094576,1281635.8553807042
588,-73.11825038490319,7.14160685207912,1105965.9324260966,1281596.769307227
589,-73.11815429269845,7.141657350162205,1105976.5367465853,1281602.3768262914
590,-73.11821438600988,7.141759372849076,1105969.8743462781,1281613.6473844105
591,-73.11834283896671,7.141614071728527,1105955.716745626,1281597.5465870975
592,-73.11909119245601,7.140138360369482,1105873.3805818327,1281434.1512543664
593,-73.11909842873105,7.14004199918725,1105872.6033017968,1281423.4914161456
594,-73.12065805983134,7.140901076944113,1105700.1026538496,1281518.1530003475
595,-73.12052171622338,7.140974582244394,1105715.1485745427,1281526.3144389854
596,-73.12057185613577,7.141029901794479,1105709.596574287,1281532.421637966
597,-73.12083798848467,7.1423440820743815,1105679.8933729185,1281677.7174537177
598,-73.12073038884337,7.142369960824215,1105691.774653466,1281680.604493236
599,-73.12087493396913,7.142461115285728,1105675.7848927293,1281690.653611559
600,-73.1200432664914,7.140985636684862,1105768.0036169777,1281527.646918763
601,-73.11872317971104,7.139967933612023,1105914.0767437075,1281415.3854974983
602,-73.12197012029029,7.141673300378835,1105554.9733671632,1281603.265146143
603,-73.12194665268206,7.141599965641602,1105557.5828072836,1281595.159227496
604,-73.12032668408928,7.141478647076084,1105736.57929553,1281582.1120296733
605,-73.12030772924808,7.141410341248457,1105738.6890556272,1281574.5613109334
606,-73.1204036917982,7.141422085399074,1105728.0847351388,1281575.8382707203
607,-73.1190851072068,7.140888777069496,1105873.8802618557,1281517.1536405142
608,-73.11916020820122,7.140782517661832,1105865.6077814745,1281505.3834024786
609,-73.11784005579314,7.140279822445632,1106011.5698681993,1281450.0854917073
610,-73.11802815020779,7.140211947123546,1105990.8053872425,1281442.5347729675
611,-73.12029850396374,7.1410132720791974,1105739.7994556783,1281530.6449982626
612,-73.11776898662666,7.141826712967307,1106019.0650685446,1281621.1981031504
613,-73.11927222990975,7.141529163997147,1105853.0602608966,1281587.9416287004
614,-73.1192404137155,7.141603889869835,1105856.5580210576,1281596.21410732
615,-73.11942038526688,7.141575651952778,1105836.681860142,1281593.049467848
616,-73.12029433583493,7.141325984252229,1105740.1880956963,1281565.2339524901
617,-73.12049105308773,7.14121997689623,1105718.4797746963,1281553.4637144546
618,-73.1214941146449,7.141958933273703,1105607.495289583,1281634.9670608523
619,-73.11998098408814,7.140969444732131,1105774.888097295,1281525.8702790595
620,-73.1199096673333,7.140947712466926,1105782.7719376583,1281523.4829194578
621,-73.12010733111026,7.140869816963246,1105760.9525766529,1281514.8218009034
622,-73.12022764543141,7.140771180555599,1105747.6832960416,1281503.8843627288
623,-73.11980374003336,7.14137767191644,1105794.3756181928,1281571.0635515172
624,-73.11716988216244,7.141617153233548,1106085.300431596,1281598.1573069955
625,-73.12264043129926,7.140748070189673,1105481.1317637614,1281500.7752432476
626,-73.12081198013011,7.14228429494179,1105682.7804130516,1281671.1105748203
627,-73.12072153080464,7.1422795897208795,1105692.7740135118,1281670.6108949038
628,-73.11901156460873,7.140005175733492,1105882.2082622394,1281419.438456822
629,-73.11891304893408,7.140013002449321,1105893.0901827407,1281420.3267766736
630,-73.12006296147128,7.139489838036764,1105766.1714568934,1281362.1973463749
631,-73.121244255904,7.139825588568456,1105635.5884108774,1281399.0626202223
632,-73.11934181325846,7.13948633350729,1105845.842660564,1281361.975266412
633,-73.11998302904475,7.141194326849947,1105774.6104972821,1281550.7432349084
634,-73.12039498463425,7.141017487901825,1105729.1396151874,1281531.0891581886
635,-73.12039570739769,7.140911575925147,1105729.0840951847,1281519.3744401436
636,-73.12173675722784,7.141033822187609,1105580.901208358,1281532.5881979384
637,-73.1218198361559,7.1411996410092,1105571.6848879333,1281550.9097948808
638,-73.12167174936239,7.141120024604355,1105588.0632886877,1281542.1376363446
639,-73.11923620703932,7.142176114867194,1105856.891141073,1281659.506896757
640,-73.12241636198473,7.140715481008897,1105505.8936849022,1281497.2219638405
641,-73.12258130047573,7.140666128352715,1105487.683124063,1281491.725484758
642,-73.12253141608349,7.140729774021931,1105493.1796043164,1281498.7765235812
643,-73.12246451485078,7.140759753149078,1105500.5637646567,1281502.1077230251
644,-73.120742864275,7.142170708727735,1105690.4421734044,1281658.5630569144
645,-73.12065063286552,7.142298015177756,1105700.6023338726,1281672.665134561
646,-73.12067550506292,7.142179102337611,1105697.8818537472,1281659.506896757
647,-73.12082420301986,7.14220651654613,1105681.44793299,1281662.5049762565
648,-73.12062412825189,7.1422352152510165,1105703.5448940082,1281665.7251357192
649,-73.12042377125015,7.141191225637334,1105725.9194550388,1281550.2990749825
650,-73.1204351826772,7.141262025612326,1105724.64249498,1281558.1273936762
651,-73.12189122337786,7.140703350612472,1105563.912087575,1281496.0005240445
652,-73.12186087666791,7.141764932750189,1105567.0212077184,1281613.4253044475
653,-73.12187443273565,7.141529039724805,1105565.5776876519,1281587.3309088023
654,-73.11763353656492,7.142194367254975,1106033.94442923,1281661.8942563585
655,-73.11755251852172,7.142245900469295,1106042.8831496418,1281667.612815404
656,-73.11761116587277,7.142318304624623,1106036.3873093426,1281675.6076940699
657,-73.12037826124207,7.140842771270387,1105731.0272952742,1281511.768201413
658,-73.12047181425953,7.140804816391701,1105720.7005747985,1281507.5486821171
659,-73.12047702652465,7.140714976431064,1105720.1453747728,1281497.6106037758
660,-73.11708807834916,7.1410818945272965,1106094.4612320182,1281538.9729968728
661,-73.1185865228582,7.139950583043223,1105929.1781844033,1281413.4978178134
662,-73.12162787463728,7.141435666406246,1105592.8380089079,1281577.0597105166
663,-73.12077410701312,7.140437506855767,1105687.3885732638,1281466.852528909
664,-73.12063591092557,7.1404352124641175,1105702.6565739673,1281466.630448946
665,-73.12252014373779,7.142287332240605,1105494.0679243573,1281671.0550548297
666,-73.12255098876432,7.1421960393937995,1105490.6812042012,1281660.950416516
667,-73.1226362762273,7.142266490318146,1105481.2428037664,1281668.7232152189
668,-73.11884932074906,7.13996719175759,1105900.1412230656,1281415.2744575168
669,-73.11885118460052,7.140037469945749,1105899.9191430553,1281423.0472562197
670,-73.11896060578908,7.140101948052757,1105887.8157824976,1281430.1538150336
671,-73.12271042138372,7.141651742891397,1105473.1924033954,1281600.7112265693
672,-73.12268965447424,7.141730005659846,1105475.4687235004,1281609.372345124
673,-73.12071456508662,7.140069948926439,1105694.0509735707,1281426.2118956915
674,-73.12078178708127,7.140369256264434,1105686.5557732254,1281459.3018101691
675,-73.12061962216195,7.1402931241063365,1105704.4887340516,1281450.9182915683
676,-73.11767184018387,7.1423826816451905,1106029.669389033,1281682.7142528838
677,-73.11760147298418,7.142387554821718,1106037.4421893912,1281683.2694527912
678,-73.12146833656102,7.142514047313491,1105610.2157697084,1281696.3721706045
679,-73.12155129673181,7.142495144767815,1105601.0549692863,1281694.2624109567
680,-73.1214049653601,7.142538010041043,1105617.2112900307,1281699.0371301598
681,-73.1215150141885,7.142058866570378,1105605.1634494755,1281646.0155390084
682,-73.12250375486467,7.14146659390459,1105496.0666444495,1281580.279869979
683,-73.11953347704777,7.140842523998586,1105824.356419574,1281511.9347613852
684,-73.12300809841128,7.140116863278573,1105440.6576818966,1281430.875574913
685,-73.11782386687072,7.141777635127415,1106013.0133882656,1281615.7571440584
686,-73.11768927103934,7.141735692514519,1106027.8927489512,1281611.1489848273
687,-73.11775813677717,7.141727804432545,1106020.2865086007,1281610.2606649757
688,-73.11764591797535,7.141799853095888,1106032.667469171,1281618.2555436413
689,-73.1217711673208,7.14019361275127,1105577.2924081916,1281439.6477334492
690,-73.12069762122852,7.140968421575692,1105695.7165736475,1281525.592679106
691,-73.12303516740364,7.139665155267801,1105437.7706417637,1281380.9075832523
692,-73.11875030659965,7.14166210284503,1105910.6900235515,1281602.7654662265
693,-73.1174703708331,7.141634343262772,1106052.0994700664,1281599.9894666898
694,-73.11732992560115,7.141746489841156,1106067.5895507801,1281612.4259446142
695,-73.11747168373763,7.141727710400085,1106051.9329100586,1281610.3161849664
696,-73.12089152843993,7.141730798409239,1105674.1192926525,1281609.8720250404
697,-73.11726602486623,7.141060680653842,1106074.8071511127,1281536.5856372712
698,-73.11729832391438,7.141236433576282,1106071.1983509464,1281556.0176340283
699,-73.11740168417653,7.141074515859869,1106059.816750422,1281538.084677021
700,-73.1173777629507,7.141219030322225,1106062.4261905423,1281554.0744343526
701,-73.11724616167122,7.141187133020239,1106076.9724312124,1281550.5766749363
702,-73.11733894542473,7.14103623640825,1106066.7567507417,1281533.8651577253
703,-73.11741411592591,7.141137788584223,1106058.428750358,1281545.0801958535
704,-73.11890624514061,7.1401429958023765,1105893.8119427739,1281434.7064542738
705,-73.12019794671586,7.141760983206306,1105750.7368961824,1281613.3697844567
706,-73.12057822871694,7.141590603907077,1105708.7637742485,1281594.4374676163
707,-73.12289593107272,7.141860942106301,1105452.650002449,1281623.8075427148
708,-73.12295972659743,7.141874627024918,1105445.5989621242,1281625.3065824646
709,-73.12291084615451,7.141938776758843,1105450.9844023725,1281632.4131412786
710,-73.11790376563569,7.141780813077469,1106004.185707859,1281616.0902640028
711,-73.12241983093678,7.141223471598219,1105505.394004879,1281553.4081944637
712,-73.12260426379687,7.141224857262966,1105485.0181639404,1281553.5192344452
713,-73.11731124458522,7.141306232788201,1106069.7548308799,1281563.7349127403
714,-73.11696678842011,7.141406911540644,1106107.786032632,1281574.9499508687
715,-73.11983605866801,7.141302947033039,1105790.822338029,1281562.7910728978
716,-73.12290964839448,7.13985062084005,1105451.5951224004,1281401.449979824
717,-73.12090018810144,7.141191209726916,1105673.286492614,1281550.188035001
718,-73.12260362354081,7.1408067233282635,1105485.1847239481,1281507.2710821636
719,-73.12033595703099,7.140644409473634,1105735.7464954916,1281489.837805073
720,-73.12010236850792,7.1403563020288665,1105761.6188166838,1281458.0248503822
721,-73.11878493846511,7.139994163811652,1105907.247783393,1281418.2725370165
722,-73.11913427869133,7.140202198703561,1105868.6058616126,1281441.2022931897
723,-73.11903498152029,7.140102604500253,1105879.5988221192,1281430.2093350242
724,-73.12208318315898,7.14167855413159,1105542.4813665878,1281603.8203460504
725,-73.12206623510885,7.141611758376919,1105544.3690466748,1281596.436187283
726,-73.11960375462414,7.1420880313669555,1105816.3060192033,1281649.679858397
727,-73.12046460336144,7.141372517752915,1105721.3668148292,1281570.3417916377
728,-73.1180143250315,7.141781544984797,1105991.9713072963,1281616.1457839934
729,-73.1179465972811,7.14172568664861,1105999.4665076416,1281609.983065022
730,-73.1210124046052,7.140636274955596,1105661.016572049,1281488.782925249
731,-73.11988682003792,7.1403347724560025,1105785.436897781,1281455.6930107714
732,-73.11989260281264,7.140212306327953,1105784.8261777528,1281442.1461330322
733,-73.12237955003732,7.140776141957177,1105509.946645089,1281503.9398827194
734,-73.12244176068445,7.140826968678093,1105503.0621647716,1281509.5474017835
735,-73.11914918056513,7.140286056878738,1105866.940261536,1281450.4741316424
736,-73.12023237636774,7.1413961300425415,1105747.017056011,1281573.006751193
737,-73.12035130112356,7.141240769302714,1105733.9143354073,1281555.7955540654
738,-73.11955628183088,7.139302057637605,1105822.1911394743,1281341.5439098217
739,-73.11943390645443,7.139425285644317,1105835.6825000958,1281355.2018275424
740,-73.12017175820681,7.142029477223666,1105753.5684163128,1281643.0729794996
741,-73.12031523599151,7.141908802680843,1105737.7452155838,1281629.6926617327
742,-73.12083743873362,7.1399487294325565,1105680.5040929466,1281412.7760579337
743,-73.11729506448391,7.1418352640543,1106071.4204309566,1281622.2529829743
744,-73.1193019388853,7.140535346000949,1105850.0066607557,1281478.0120470466
745,-73.11939128556752,7.140586731394707,1105840.1241003005,1281483.6750861015
746,-73.11924906808173,7.1405849301919035,1105855.8362610245,1281483.5085261292
747,-73.12038838155132,7.140567718399188,1105729.9724152256,1281481.3432464907
748,-73.12179923940381,7.141679973867024,1105573.850168033,1281604.0424260134
749,-73.12173175309871,7.141749606472719,1105581.2898483756,1281611.7597047254
750,-73.11929547573644,7.14098458628623,1105850.617380784,1281527.7024387538
751,-73.1208377952521,7.140019004527618,1105680.4485729442,1281420.5488566365
752,-73.12183237120678,7.140729330634358,1105570.4079278745,1281498.8875635627
753,-73.12192322903842,7.140779212829501,1105560.3588074115,1281504.3840426453
754,-73.11744862623307,7.141217169943749,1106054.5978701815,1281553.8523543896
755,-73.11737962446216,7.141290312397268,1106062.204110532,1281561.9582730369
756,-73.11836590327344,7.139951128466433,1105953.5514655262,1281413.608857795
757,-73.12022233494393,7.1421164211771515,1105747.9608960545,1281652.6779378967
758,-73.12016207092879,7.142096217740668,1105754.6232963614,1281650.4571382673
759,-73.11774623090852,7.142376310951079,1106021.4524286545,1281681.9924930043
760,-73.12166791451507,7.141030667818985,1105588.5074487082,1281532.255077994
761,-73.12045934091459,7.141003064566881,1105722.0330548598,1281529.4790784572
762,-73.12048817184974,7.140913775556171,1105718.868414714,1281519.5965201065
763,-73.12044447145347,7.140178314074196,1105723.8652149444,1281438.2597336809
764,-73.12178324573834,7.142121665342079,1105575.5157681096,1281652.9000178596
765,-73.12170827325184,7.142166184437017,1105583.7882484908,1281657.8412970349
766,-73.12303881196685,7.141785441776439,1105436.8823217228,1281615.424024114
767,-73.12302149944229,7.141894331269923,1105438.7700018096,1281627.4718621033
768,-73.1230803944004,7.141847770838178,1105432.2741615104,1281622.308502965
769,-73.12158485881835,7.141337695130029,1105597.6127291278,1281566.2333123235
770,-73.12168730033844,7.141375554347878,1105586.286648606,1281570.3973116283
771,-73.1217388480284,7.1414790648498245,1105580.5680883424,1281581.8344297197
772,-73.1192699754184,7.140922290357401,1105853.4489009143,1281520.8179599028
773,-73.12160215171473,7.140996398315105,1105595.7805690432,1281528.479718624
774,-73.12159696363193,7.141074693291088,1105596.335769069,1281537.1408371786
775,-73.12102514437316,7.140793414748972,1105659.5730519823,1281506.1606823488
776,-73.1225716467207,7.1414436442747125,1105488.571444104,1281577.7259504052
777,-73.11928905744946,7.141412242398799,1105851.228100812,1281575.0054708594
778,-73.12106783387262,7.140564609614589,1105654.9093717674,1281480.843566574
779,-73.12268381884154,7.142120518390653,1105476.023923526,1281652.5668979152
780,-73.11753039592884,7.141768993223021,1106045.4370697595,1281614.8688242065
781,-73.11744035304456,7.141810468464668,1106055.3751502174,1281619.4769834375
782,-73.1173942244367,7.141759674594383,1106060.4829904526,1281613.8694643734
783,-73.1175477536858,7.141639021913167,1106043.5493896725,1281600.4891466063
784,-73.12064362681154,7.14010795077139,1105701.8792939314,1281430.4314149872
785,-73.11800658222049,7.142361793759361,1105992.6930673295,1281680.3268932824
786,-73.11946123920536,7.139331475959282,1105832.6844199577,1281344.819589275
787,-73.11936532240436,7.140505360050617,1105843.0111404336,1281474.6808476024
788,-73.11945982931135,7.140492003373748,1105832.5733799527,1281473.1818078526
789,-73.119460691289,7.140560773611815,1105832.4623399475,1281480.7880465833
790,-73.12300180663323,7.140242842221802,1105441.3239219273,1281444.8110925874
791,-73.12121485264778,7.140916286134305,1105638.5864910155,1281519.707560088
792,-73.12060761144942,7.14075239227167,1105705.710174108,1281501.71908309
793,-73.1173768886173,7.141879104795,1106062.3706705396,1281627.083222168
794,-73.11749041095476,7.141904940955579,1106049.8231499617,1281629.9147416956
795,-73.11741849430528,7.141929889255577,1106057.7625103274,1281632.6907412324
796,-73.12182803403496,7.140881917433395,1105570.852087895,1281515.7656407459
797,-73.12075759548298,7.139918948281843,1105689.3317733533,1281409.5003784804
798,-73.1207784103354,7.14005954014558,1105686.9999332458,1281425.045975886
799,-73.12175807303946,7.141417363621914,1105578.4583282452,1281575.0054708594
800,-73.11980367067962,7.1409279160487165,1105794.4866581978,1281521.3176398193
801,-73.11747151098575,7.141569592902355,1106051.9884300614,1281592.827387885
802,-73.11811876459008,7.141583990231332,1105980.4786667668,1281594.2709076442
803,-73.11808196354653,7.141639129221939,1105984.5316269535,1281600.3781066248
804,-73.12297882479075,7.140177539885314,1105443.877842045,1281437.593493792
805,-73.12115698767279,7.141192746001616,1105644.915771307,1281550.2990749825
806,-73.11739220790881,7.142003622546069,1106060.6495504603,1281640.8521798702
807,-73.11933858714245,7.141036377638547,1105845.842660564,1281533.4209977994
808,-73.11925564601361,7.141046244579523,1105855.003460986,1281534.5313976142
809,-73.1193593253,7.140972169894177,1105843.566340459,1281526.3144389854
810,-73.12203199660331,7.1411589197075855,1105548.2554468538,1281546.3571556404
811,-73.11787404862798,7.1401252896877265,1106007.8500280278,1281432.985334561
812,-73.11771802810073,7.141441102287044,1106024.7836288079,1281578.5587502664
813,-73.11743600286785,7.14100481494565,1106056.041390248,1281530.367398309
814,-73.1205672584953,7.140824088811982,1105710.1517743126,1281509.658441765
815,-73.12083914643067,7.14009430128139,1105680.2820129364,1281428.8768552467
816,-73.1206757992168,7.140828831542275,1105698.1594537601,1281510.1581216818
817,-73.11896346952149,7.140174738116417,1105887.4826624824,1281438.20421369
818,-73.12135530167261,7.142495240530177,1105622.7077702838,1281694.3179309473
819,-73.12150167578308,7.14243179501117,1105606.5514495396,1281687.2668921242
820,-73.11988516830692,7.1404040394449115,1105785.6034577887,1281463.3547694928
821,-73.12191391227151,7.1409097030879645,1105561.3581674574,1281518.8192402362
822,-73.1226498842083,7.141278661389297,1105479.9658437076,1281559.4598734537
823,-73.1174460580201,7.141484708838291,1106054.8199501918,1281583.444509451
824,-73.11916609680651,7.140367911399623,1105865.052581449,1281459.523890132
825,-73.11924752390357,7.14036105307127,1105856.0583410347,1281458.7466102617
826,-73.12213914651429,7.142560111476653,1105536.0965662936,1281701.3134497798
827,-73.12058001358159,7.142182417987566,1105708.4306542333,1281659.895536692
828,-73.12059225375532,7.142338050853841,1105707.0426541693,1281677.1067338197
829,-73.11994845781194,7.140419229571303,1105778.6079374664,1281465.0203692147
830,-73.12088787850811,7.142277926859618,1105674.3968926652,1281670.3888149408
831,-73.12167062076261,7.14238947851686,1105587.89672868,1281682.5476929117
832,-73.12174538689226,7.142444347039448,1105579.624248299,1281688.5993719017
833,-73.12202563292978,7.141561478309647,1105548.866166882,1281590.8841882094
834,-73.1215540357274,7.142386225181085,1105600.7773692736,1281682.2145729673
835,-73.12147467162102,7.142367488203057,1105609.5495296777,1281680.16033331
836,-73.12138557243638,7.142438581824034,1105619.3765701305,1281688.0441719943
837,-73.11811674532018,7.141829444110577,1105980.6452267745,1281621.4201831133
838,-73.11795038220528,7.141838635348582,1105999.0223476212,1281622.4750629372
839,-73.1180816977833,7.141766626320111,1105984.5316269535,1281614.4801842715
840,-73.11793470319014,7.142368671680013,1106000.6324276952,1281681.1041731525
841,-73.11961124957395,7.140901414722293,1105815.7508191776,1281518.4306003011
842,-73.11925638778162,7.141172739897882,1105854.8924209808,1281548.522435279
843,-73.12313337013506,7.141747488435195,1105426.444561242,1281611.2045048182
844,-73.11747806712128,7.1420404442430385,1106051.155630023,1281644.9051391939
845,-73.11752242009415,7.141978795560668,1106046.2698697979,1281638.0761803335
846,-73.11742418466267,7.141370216631709,1106057.2628303042,1281570.7859515636
847,-73.12244627033495,7.1401066655492835,1105502.7290447564,1281429.87621508
848,-73.12256403692497,7.140024587842201,1105489.7373641578,1281420.7709365995
849,-73.12261513422466,7.140102999329232,1105484.0743238968,1281429.4320551541
850,-73.12244662084817,7.140179952421808,1105502.6735247537,1281437.982133727
851,-73.1225762007684,7.140217365626938,1105488.3493640937,1281442.0906130415
852,-73.12250933085473,7.1402322860386,1105495.733524434,1281443.7562127635
853,-73.11789026632009,7.14222953654297,1106005.5737079228,1281665.7251357192
854,-73.1180485186977,7.14225395974597,1105988.0849071173,1281668.3900952744
855,-73.11799439734784,7.142180059174062,1105994.0810673935,1281660.2286566366
856,-73.12182721790958,7.142485175314681,1105570.574487882,1281693.0964911513
857,-73.12223959517536,7.1399260341577,1105525.6032858102,1281409.9445384063
858,-73.12047829856137,7.140103090286299,1105720.1453747728,1281429.9317350707
859,-73.11900100461604,7.1416977609123204,1105882.9855422752,1281606.6518655778
860,-73.12262032380818,7.142204214272004,1105483.0194438482,1281661.8387363679
861,-73.12141848315305,7.142320689500542,1105615.7677699642,1281674.9969741718
862,-73.1214337045513,7.1422509486455,1105614.1021698874,1281667.2796954596
863,-73.12153112910342,7.142284781846106,1105603.3312893913,1281670.9995348388
864,-73.1190871336079,7.141605077354912,1105873.4916218377,1281596.380667292
865,-73.11908147284416,7.141668814439168,1105874.102341866,1281603.4317061154
866,-73.12183023749658,7.141272948684531,1105570.5189678795,1281559.0157135278
867,-73.12179093561474,7.141322561295528,1105574.849528079,1281564.5121926107
868,-73.12212723434905,7.142488306552521,1105537.429046355,1281693.3740911048
869,-73.12059024927186,7.1420935923692355,1105707.320254182,1281650.068498332
870,-73.12119778800988,7.142598819679015,1105640.0855310846,1281705.8105690293
871,-73.12330359361354,7.141330711770273,1105407.7343203798,1281565.0673925178
872,-73.1232064052093,7.141425381199054,1105418.4496808734,1281575.5606707667
873,-73.12058909339349,7.142407816682599,1105707.3757741847,1281684.824012532
874,-73.11990867136602,7.141668022318075,1105782.7164176556,1281603.1541061616
875,-73.11998276620008,7.141562262642856,1105774.5549772796,1281591.4393881168
876,-73.11991153522584,7.141740812392248,1105782.3832976404,1281611.2045048182
877,-73.12278170719763,7.141688533488184,1105465.3085630324,1281604.764185893
878,-73.12152131898213,7.142168808817949,1105604.4416894424,1281658.1744169793
879,-73.121434414603,7.142151060132014,1105614.046649885,1281656.2312173035
880,-73.11994447416407,7.1413679248327515,1105778.8300174766,1281569.9531517026
881,-73.1199964338848,7.141273162316505,1105773.111457213,1281559.4598734537
882,-73.11762415146843,7.142116042095349,1106034.9993092786,1281653.233137804
883,-73.11794233647814,7.141117805145518,1106000.0772276698,1281542.7483562427
884,-73.11803953829912,7.141017113474834,1105989.3618671761,1281531.588838105
885,-73.12043159056661,7.140330883083864,1105725.2532150082,1281455.137810864
886,-73.11767042650747,7.141614681142896,1106030.0025090484,1281597.7686670604
887,-73.11773371920003,7.141628365713704,1106023.006988726,1281599.2677068103
888,-73.11995790874106,7.14022448887695,1105777.6085774202,1281443.47861281
889,-73.11985409158298,7.140123379568218,1105789.1012179498,1281432.3190946723
890,-73.11980525691463,7.140165442820924,1105794.4866581978,1281436.982773894
891,-73.11998872065223,7.14014925887923,1105774.2218572644,1281435.1506141997
892,-73.12184709587999,7.141382912799824,1105568.6312877925,1281571.1745914987
893,-73.12190851506539,7.141330836194247,1105561.8578474806,1281565.4005124622
894,-73.11809481227259,7.139332151077536,1105983.6433069126,1281345.2082292102
895,-73.12291143227115,7.141656174523796,1105450.9844023725,1281601.1553864952
896,-73.12072215729994,7.141736470704629,1105692.8295335146,1281610.5382649293
897,-73.11931871201925,7.140444526169775,1105848.1745006714,1281467.9629287235
898,-73.1212778987372,7.142500099687555,1105631.2578506777,1281694.8731308547
899,-73.12130070219781,7.14240929225,1105628.7594505628,1281684.824012532
900,-73.11758073546412,7.141728439272294,1106039.8850695037,1281610.3717049572
901,-73.11743873333097,7.142105115119695,1106055.4861902224,1281652.0672179984
902,-73.12182309522646,7.142292414220098,1105571.0741679051,1281671.7768147092
903,-73.1216372856943,7.1422277784061885,1105591.6165688515,1281664.6702558952
904,-73.1217356601117,7.142288217400629,1105580.7346483502,1281671.3326547833
905,-73.12241497467693,7.140899697418048,1105506.0047249072,1281517.5978004402
906,-73.1225234977901,7.14091297300026,1105494.0124043548,1281519.0413201991
907,-73.12255527593165,7.140856317300984,1105490.5146441937,1281512.7675612462
908,-73.11789120843267,7.142018715630665,1106005.5181879203,1281642.4067396107
909,-73.11991283203328,7.1401511092426295,1105782.6053776506,1281435.3726941627
910,-73.12008333813644,7.140082694576939,1105763.7840967835,1281427.766455432
911,-73.11755494121266,7.142048133597438,1106042.6610696316,1281645.7379390548
912,-73.1175437427775,7.14211637674261,1106043.882509688,1281653.2886577947
913,-73.12052486895297,7.142117048850832,1105714.5378545146,1281652.6779378967
914,-73.11968406620643,7.142134378389263,1105807.422818794,1281654.7876975446
915,-73.1232665975898,7.14123777265483,1105411.842800569,1281554.796194232
916,-73.12048655526729,7.141691307635189,1105718.868414714,1281605.5969857539
917,-73.12175159885714,7.142357018910522,1105578.9580082684,1281678.938893514
918,-73.11801507348011,7.141663586118728,1105991.9157872938,1281603.098586171
919,-73.12253231262916,7.14029758838985,1105493.1796043164,1281450.973811559
920,-73.12181278992382,7.142414871056218,1105572.1845679563,1281685.3236924484
921,-73.12165617820742,7.142326201663086,1105589.5068087543,1281675.5521740792
922,-73.11757739564808,7.141884039669316,1106040.2181895191,1281627.5829020848
923,-73.11751668581208,7.141836729183253,1106046.9361098285,1281622.3640229558
924,-73.12071410858304,7.140773193461594,1105693.9399335657,1281503.9954027103
925,-73.11994209767755,7.140094448542945,1105779.3852175022,1281429.0989352097
926,-73.11760414051967,7.14159044919314,1106037.331149386,1281595.1037075052
927,-73.11771083439274,7.141516883162261,1106025.5609088438,1281586.9422688673
928,-73.12005605450713,7.140152912308773,1105766.7821769216,1281435.5392541348
929,-73.12246613659451,7.140946987548217,1105500.3416846464,1281522.8166795692
930,-73.122622891054,7.139997603793186,1105483.2415238586,1281417.7728570998
931,-73.12003569962386,7.140032901738074,1105769.0584970263,1281422.2699763493
932,-73.12159118572302,7.142162930076879,1105596.7244090869,1281657.5081770904
933,-73.11749938455641,7.142180535210194,1106048.768269913,1281660.3952166087
934,-73.12116632049344,7.14057083726131,1105644.027451266,1281481.5098064628
935,-73.1205166684919,7.142193831657632,1105715.4261745554,1281661.172496479
936,-73.12175260983427,7.140417950350356,1105579.2911282836,1281464.4651693073
937,-73.12187360584696,7.1414432028860055,1105565.6887276568,1281577.8369903867
938,-73.12119715006025,7.142422128547932,1105640.1965710896,1281686.267532291
939,-73.12129836556925,7.142566400792227,1105628.981530573,1281702.2017696316
940,-73.12116222804012,7.142540518636743,1105644.027451266,1281699.3702501042
941,-73.11972074628004,7.14092975175988,1105803.64745862,1281521.5397197823
942,-73.12191592197655,7.141394098471244,1105561.0250474422,1281572.396031295
943,-73.12200248833372,7.141332536698776,1105551.4756070022,1281565.5670724346
944,-73.12198072352854,7.14140728363714,1105553.862967112,1281573.839551054
945,-73.11996766055688,7.139401797385945,1105776.7202573793,1281352.4813479963
946,-73.1214662262923,7.141110563516629,1105610.7709697338,1281541.1382765113
947,-73.1213703669702,7.141049125791719,1105621.3752902225,1281534.3648376418
948,-73.12137263548112,7.142376312006361,1105620.820090197,1281681.1596931433
949,-73.12186514567074,7.142371309016924,1105566.4104876902,1281680.4934532545
950,-73.12109147089348,7.142491179894943,1105651.8557716268,1281693.9292910122
951,-73.1211222577961,7.142427996804611,1105648.4690514707,1281686.9337721798
952,-73.1221097580836,7.140012604426708,1105539.9274464701,1281419.5494968034
953,-73.1172754506683,7.141360369882991,1106073.6967510614,1281569.7310717397
954,-73.1219700137228,7.141482555429051,1105555.028887166,1281582.1675496642
955,-73.12259859983493,7.140321317684794,1105485.8509639788,1281453.5832511235
956,-73.1197779599183,7.140483628508057,1105797.4292183334,1281472.1824480195
957,-73.12130503896695,7.141047484531512,1105628.592890555,1281534.1982776697
958,-73.11972494354586,7.140120099774643,1105803.3698586072,1281431.985974728
959,-73.11804145811041,7.141542668810591,1105989.0287471607,1281589.718268404
960,-73.12153579047353,7.141008307861466,1105603.109209381,1281529.8121984017
961,-73.12060316013594,7.140959692369068,1105706.1543341284,1281524.6488392635
962,-73.12246699276533,7.141018769585593,1105500.2306446412,1281530.756038244
963,-73.12252839205172,7.140976230078167,1105493.457204329,1281526.0368390316
964,-73.12234002846382,7.1404472764205265,1105514.3882452934,1281467.5742887885
965,-73.12220104699313,7.140339067337859,1105529.767286002,1281455.6374907806
966,-73.1223729574805,7.140320348728207,1105510.7794451271,1281453.5277311327
967,-73.12186194780907,7.142217200739027,1105566.7991277082,1281663.448816099
968,-73.12186866854513,7.142126861899593,1105566.0773676748,1281653.4552177668
969,-73.11818456622206,7.141840628245217,1105973.1500264292,1281622.6416229093
970,-73.12032573895048,7.141691475976578,1105736.6348155327,1281605.6525057447
971,-73.11846457616389,7.142279922840044,1105942.1143449992,1281671.1660948112
972,-73.12149192610312,7.141318930065054,1105607.883929601,1281564.1790726662
973,-73.11924672670874,7.140502603980311,1105856.1138610372,1281474.4032476489
974,-73.1226170413324,7.1408795352849355,1105483.685683879,1281515.32148082
975,-73.12144280048643,7.141017150462897,1105613.3804098542,1281530.811558235
976,-73.12152056915649,7.141078048731088,1105604.7748094576,1281537.5294771136
977,-73.11793779316106,7.141609715753709,1106000.4658676877,1281597.1579471624
978,-73.11941180111666,7.140387998042467,1105837.9033001983,1281461.6891697706
979,-73.11949118983111,7.140394688344852,1105829.1311397941,1281462.4109296503
980,-73.1195216801085,7.140474061245152,1105825.744419638,1281471.1830881862
981,-73.12256574446795,7.139928215068801,1105489.57080415,1281410.1110983784
982,-73.12004972677369,7.139329183512026,1105767.6704969625,1281344.4309493399
983,-73.11990552347717,7.139315833372261,1105783.6047376965,1281342.987429581
984,-73.11999047969054,7.13930346065393,1105774.2218572644,1281341.5994298125
985,-73.11769948186146,7.141177033161335,1106026.893388905,1281549.35523514
986,-73.12004347316802,7.141611078705959,1105767.8370569702,1281596.824827218
987,-73.11996989237176,7.141711317903614,1105775.9429773437,1281607.9288253647
988,-73.12203811021159,7.142571447292924,1105547.2560868077,1281702.5904095666
989,-73.12213943544889,7.142663013837255,1105536.0410462911,1281712.6950478803
990,-73.1213769770546,7.142221717413037,1105620.3759301763,1281664.0595359972
991,-73.12118127471349,7.141113486708035,1105642.2508111843,1281541.5269164466
992,-73.12124175556532,7.141029282828835,1105635.5884108774,1281532.1995580033
993,-73.11763423766011,7.141135234818601,1106034.1109892377,1281544.7470759093
994,-73.11766656183777,7.14105800034592,1106030.5577090739,1281536.196997336
995,-73.11771943825003,7.141246847005909,1106024.6725888029,1281557.0725138523
996,-73.1212244295332,7.1423539185802545,1105637.1984909514,1281678.716813551
997,-73.1212722748975,7.142304323748424,1105631.9240907084,1281673.2203344684
998,-73.12244797437017,7.140254245289864,1105502.5069647462,1281446.1990923558
999,-73.11758056901208,7.141808250435922,1106039.8850695037,1281619.199383484
1000,-73.11831588679497,7.142248492229628,1105958.5482657563,1281667.7238553856
1001,-73.118349939759,7.142306288349347,1105954.7729055826,1281674.10865432
1002,-73.12191160005995,7.14226549173206,1105561.302647455,1281668.7787352095
1003,-73.11913062598494,7.140508386371965,1105868.938981628,1281475.0694875377
1004,-73.11916193328068,7.140436671195523,1105865.4967414695,1281467.1301288626
1005,-73.1173712424186,7.14097205284337,1106063.203470578,1281526.7585989113
1006,-73.11753253786438,7.140982929598513,1106045.381549757,1281527.9245187168
1007,-73.11746378111553,7.140938614132985,1106052.9877901073,1281523.0387595322
1008,-73.11929124423403,7.141327415795895,1105851.0060208018,1281565.6225924252
1009,-73.11933377688472,7.14117440649718,1105846.342340587,1281548.6889952512
1010,-73.12053623937916,7.1407572638491725,1105713.5940144712,1281502.2742829975
1011,-73.1217960513129,7.140795012143008,1105574.4053680585,1281506.1606823488
1012,-73.11927379928659,7.141258109163197,1105852.9492208913,1281557.9608337039
1013,-73.11973029739984,7.13947910856552,1105802.9256985867,1281361.08694656
1014,-73.12208026964099,7.141387411396605,1105542.8700066057,1281571.6187514246
1015,-73.12247863634964,7.1421888621787515,1105498.6760845697,1281660.1731366457
1016,-73.11744296211617,7.141282412850322,1106055.2085902097,1281561.069953185
1017,-73.12159546261535,7.142281401439121,1105596.2247290637,1281670.6108949038
1018,-73.12210957415289,7.140343395595471,1105539.8719264676,1281456.1371706973
1019,-73.1228896977767,7.141716364745748,1105453.3717624824,1281607.8177853834
1020,-73.12109334026312,7.142558948325872,1105651.6336916166,1281701.4244897612
1021,-73.11828439363633,7.139997641261813,1105962.5457059406,1281418.772216933
1022,-73.11781568778123,7.141602936305918,1106013.9572283092,1281596.436187283
1023,-73.11797409376312,7.141553571817208,1105996.4684275035,1281590.9397082
1024,-73.12100455187712,7.142480458527285,1105661.4607320693,1281692.7633712068
1025,-73.1195856935813,7.140382837510613,1105818.6933793132,1281461.0784498726
1026,-73.11953855451523,7.140334551539301,1105823.9122595536,1281455.748530762
1027,-73.11753322046005,7.140896594037521,1106045.3260297545,1281518.3750803103
1028,-73.11980584579058,7.14205632553353,1105793.986978175,1281646.12657899
1029,-73.11820436442659,7.1400572080601,1105971.3733863472,1281425.3790958305
1030,-73.11763456004505,7.140980632054187,1106034.1109892377,1281527.646918763
1031,-73.11748867185023,7.141052108698179,1106050.2117899794,1281535.586277438
1032,-73.12094700917012,7.14235986889548,1105667.8455323635,1281679.4385734305
1033,-73.12250069319359,7.140035499873977,1105496.7328844802,1281421.9923763957
1034,-73.12249534532084,7.139948649739974,1105497.3436045083,1281412.3874179986
1035,-73.12185219525566,7.142557509266763,1105567.798487754,1281701.091369817
1036,-73.11771922892059,7.141347238412841,1106024.6725888029,1281568.176511999
1037,-73.1175902124336,7.141039770979694,1106038.9967494628,1281534.1982776697
1038,-73.12116488462684,7.14102008823033,1105644.0829712686,1281531.20019817
1039,-73.12203786496089,7.141479182230623,1105547.5336868204,1281581.7789097289
1040,-73.11932543317734,7.140354187423505,1105847.452740638,1281457.9693303914
1041,-73.11960766670033,7.140449643738463,1105816.2504992005,1281468.4626086403
1042,-73.12173050232748,7.142593900209048,1105581.234328373,1281705.1443291404
1043,-73.12207588111801,7.141322649490293,1105543.3696866287,1281564.4566726198
1044,-73.12296941971458,7.141804874647236,1105444.5440820756,1281617.5893037526
1045,-73.11715506260832,7.141012261633487,1106087.077071678,1281531.2557181607
1046,-73.1172046272689,7.141102215480561,1106081.5805914246,1281541.1937965022
1047,-73.1215946264417,7.142442026824316,1105596.2802490664,1281688.3772919388
1048,-73.12203337755822,7.1424303867858185,1105547.8112868334,1281686.9892921704
1049,-73.1221047624097,7.14241949151751,1105539.9274464701,1281685.7678523744
1050,-73.1191426742125,7.141238762358178,1105867.439941559,1281555.851074056
1051,-73.11909521860846,7.1411011269050615,1105872.714341802,1281540.6385965948
1052,-73.11800794754063,7.141465799355255,1105992.748587332,1281581.2237098217
1053,-73.1162050577102,7.140380324776106,1106192.17643652,1281461.578129789
1054,-73.11614950200112,7.14051222425392,1106198.2836368014,1281476.1798873523
1055,-73.12197489430837,7.142520618414043,1105554.25160713,1281696.9828905025
1056,-73.12197512171731,7.14265313627038,1105554.1960871276,1281711.6401680564
1057,-73.12217922090086,7.142380492852625,1105531.7104860914,1281681.437293097
1058,-73.1215578872034,7.142225606045697,1105600.3887292556,1281664.4481759323
1059,-73.12211344328506,7.142353250800181,1105538.9836064265,1281678.4392135974
1060,-73.122073848227,7.1423019688956195,1105543.3696866287,1281672.7761745425
1061,-73.11693770285208,7.139691154728684,1106111.3948327983,1281385.1826225389
1062,-73.118982693639,7.141561691875953,1105885.0397823697,1281591.605948089
1063,-73.11812239614433,7.140082637578191,1105980.4231467643,1281428.2106153578
1064,-73.1219752955449,7.142327364723598,1105554.25160713,1281675.6076940699
1065,-73.12196594513121,7.142231972994302,1105555.3064871787,1281665.0588958303
1066,-73.12245435152515,7.14226711764372,1105501.3410446923,1281668.8342552003
1067,-73.12243688440152,7.140028340377293,1105503.783924805,1281421.2150965254
1068,-73.11940440917812,7.140317708368211,1105838.7361002367,1281453.916371068
1069,-73.11777998546613,7.139925816245748,1106018.2877885087,1281410.9438982396
1070,-73.12094986275184,7.142437678558335,1105667.512412348,1281688.0441719943
1071,-73.12089015962825,7.142389366630688,1105674.1192926525,1281682.7142528838
1072,-73.12207651677723,7.142711071666684,1105542.9810466107,1281718.0249669908
1073,-73.1198397182639,7.139302143917726,1105790.8778580318,1281341.488389831
1074,-73.1221582847353,7.1422981280846844,1105534.042326199,1281672.3320146166
1075,-73.12222458469168,7.142315833974917,1105526.7136858613,1281674.2752142923
1076,-73.12192184800743,7.1421706425589715,1105560.1922474038,1281658.2854569608
1077,-73.11967491795517,7.139285237250246,1105809.0884188707,1281339.6562301368
1078,-73.12095871384385,7.142289618814055,1105666.5685723047,1281671.6657747277
1079,-73.11804501353247,7.140077959057996,1105988.9732271582,1281427.7109354413
1080,-73.11810332477803,7.141517197542845,1105982.199786846,1281586.8867488764
1081,-73.11809894414473,7.141448921973736,1105982.699466869,1281579.3360301366
1082,-73.11764737176946,7.140861694374026,1106032.7229891738,1281514.488680959
1083,-73.11735587492679,7.1413525059101985,1106064.8135506522,1281568.8427518879
1084,-73.12104386438224,7.1424258264351375,1105657.1301718696,1281686.7116922168
1085,-73.12109631824516,7.142335080487078,1105651.3560916036,1281676.6625738938
1086,-73.12116209160678,7.142364330506337,1105644.0829712686,1281679.8827333564
1087,-73.12228957017061,7.140303109483126,1105519.995765552,1281451.6400514478
1088,-73.12264691570142,7.139802391086715,1105480.6320837382,1281396.1755807041
1089,-73.11926022338331,7.140295824714759,1105854.6703409706,1281451.5290114663
1090,-73.12135902504697,7.1421544176042095,1105622.3746502686,1281656.6198572388
1091,-73.12191928648147,7.142436173982404,1105560.414327414,1281687.6555320593
1092,-73.12234301180825,7.139736005420723,1105514.221685286,1281388.902461918
1093,-73.12128617639117,7.142144227418595,1105630.4250506393,1281655.509457424
1094,-73.12209605422454,7.141530502635905,1105541.0933665237,1281587.4419487838
1095,-73.11912438603754,7.141333092740408,1105869.438661651,1281566.288832314
1096,-73.11921791310418,7.141307687075219,1105859.1119411753,1281563.4573127867
1097,-73.12239335875711,7.142355838264152,1105508.058965002,1281678.6612935602
1098,-73.12237911089896,7.142198695329819,1105509.669045076,1281661.2835364605
1099,-73.11947525981957,7.140321871146549,1105830.907779876,1281454.3605309937
1100,-73.12282883635646,7.141741838766735,1105460.0896827918,1281610.6493049108
1101,-73.12197265044658,7.142391108139023,1105554.5292071428,1281682.6587328932
1102,-73.12212048759199,7.1399277954227145,1105538.7615264163,1281410.1666183693
1103,-73.11913844832185,7.140613312139544,1105868.0506615872,1281486.6731656012
1104,-73.1210200894348,7.142258624573247,1105659.7951319925,1281668.2235353023
1105,-73.12121818217773,7.142216368674405,1105637.9202509848,1281663.5043360898
1106,-73.12117235431379,7.142262453965791,1105642.9725712175,1281668.6121752374
1107,-73.1213055995323,7.142229098867782,1105628.2597705396,1281664.8923358582
1108,-73.1210148740876,7.142349970418371,1105660.3503320182,1281678.328173616
1109,-73.12094025726331,7.142223321869853,1105668.6228123992,1281664.3371359508
1110,-73.12204686274292,7.142228626873304,1105546.3677667668,1281664.6702558952
1111,-73.121151445456,7.142167038280811,1105645.304411325,1281658.0633769978
1112,-73.12110099347568,7.142261804067385,1105650.8564115807,1281668.5566552465
1113,-73.12212960823722,7.1415867916207025,1105537.3735263525,1281593.6601877462
1114,-73.11822636838049,7.142279427566856,1105968.4308262118,1281671.1660948112
1115,-73.11754311163313,7.139768210318838,1106044.493229716,1281393.5661411397
1116,-73.12198689941415,7.142789693729885,1105552.863607066,1281726.741605536
1117,-73.1220096840023,7.142707921479176,1105550.365206951,1281717.6918470464
1118,-73.12264764074747,7.1399374198123935,1105480.5210437332,1281411.1104582117
1119,-73.12211265075666,7.1422508493558885,1105539.0946464317,1281667.1131354875
1120,-73.12107402380254,7.1421809326462835,1105653.8544917188,1281659.6179367385
1121,-73.1173564244851,7.141811799679723,1106064.6469906445,1281619.6435434096
1122,-73.11821556372094,7.13998846291602,1105970.151946291,1281417.7728570998
1123,-73.12134889715684,7.140981818695544,1105623.7626503324,1281526.9251588834
1124,-73.11924234171448,7.140436336226904,1105856.6135410601,1281467.074608872
1125,-73.11626226197332,7.140421604583879,1106185.8471562283,1281466.1307690295
1126,-73.12128966437629,7.140949068562191,1105630.3140106343,1281523.3163594857
1127,-73.12229013792503,7.142209052268687,1105519.4960855287,1281662.449456266
1128,-73.12221773238211,7.142227474854559,1105527.4909658972,1281664.5036959231
1129,-73.12228497387886,7.142275802235303,1105520.0512855544,1281669.8336150334
1130,-73.12231395293072,7.142357179734241,1105516.831125406,1281678.8278535325
1131,-73.11799066916174,7.141316681524807,1105994.6917874217,1281564.7342725736
1132,-73.11808532817497,7.142194805110008,1105984.0319469306,1281661.8387363679
1133,-73.1181065733069,7.142128590672228,1105981.7001068231,1281654.510097591
1134,-73.11800814299251,7.142095256652574,1105992.5820273245,1281650.8457782024
1135,-73.12314175525175,7.141823803697182,1105425.5007211983,1281619.6435434096
1136,-73.11812373871288,7.142331919866077,1105979.7569067336,1281676.9956938382
1137,-73.11805994649885,7.142316728418364,1105986.8079470585,1281675.3300941163
1138,-73.11816054714255,7.142273267180928,1105975.703946547,1281670.4998549223
1139,-73.11828611615144,7.142306155645281,1105961.8239459074,1281674.10865432
1140,-73.12121307307946,7.14249845942882,1105638.4199310078,1281694.7065708826
1141,-73.12203351407402,7.142364630334106,1105547.8112868334,1281679.7161733843
1142,-73.11626850109239,7.140321727735172,1106185.1809161976,1281455.0822908734
1143,-73.11823706312965,7.142211685304718,1105967.264906158,1281663.670896062
1144,-73.11922233998457,7.141112434051996,1105858.6677811549,1281541.860036391
1145,-73.11815062906415,7.142209497730317,1105976.814346598,1281663.448816099
1146,-73.12144495350279,7.140948386438247,1105613.158329844,1281523.2053195043
1147,-73.1203789681264,7.139777614437755,1105731.193855282,1281393.9547810748
1148,-73.12270401358042,7.141349047798757,1105473.9696834313,1281567.2326721565
1149,-73.12093992789708,7.142139995884395,1105668.678332402,1281655.120817489
1150,-73.12234204314608,7.142140391240343,1105513.7775252652,1281654.8432175352
1151,-73.12031909318861,7.139812125464065,1105737.8007355863,1281397.7856604354
1152,-73.11805843476378,7.140148763222319,1105987.4741870891,1281435.5392541348
1153,-73.11813811103983,7.14001741554077,1105978.702026685,1281420.9930165624
1154,-73.12079889886657,7.142533239789306,1105684.1684131154,1281698.6484902247
1155,-73.1179571716246,7.140028082441814,1105998.6892276057,1281422.2144563587
1156,-73.11733054743851,7.141930208182347,1106067.478510775,1281632.746261223
1157,-73.12239543981507,7.140384144170597,1105508.2810450122,1281460.578769956
1158,-73.12163194411448,7.141654027335542,1105592.3383288847,1281601.210906486
1159,-73.12234482508823,7.142252836007464,1105513.44440525,1281667.2796954596
1160,-73.11706577435055,7.139728566266152,1106097.237232146,1281389.2911018531
